k_rechov,ms_bayit,form1,permit_verbal,permit_signed,build,form4,scraped_at,gis_fingerprint
1,36,2024-06-18,2021-07-22,2021-07-22,,,2026-06-30 18:14:14.656913,
1,58,2025-12-28,,,,,2026-06-30 18:14:23.615365,
2,37,2025-01-12,,,,,2026-06-30 18:14:33.426439,
2,39,2026-01-14,,,,,2026-06-30 18:14:44.423933,
2,54,,,,,,2026-06-30 18:14:55.640435,
2,56,2025-11-16,,,,,2026-06-30 18:15:04.705051,
2,61,2026-01-25,,,,,2026-06-30 18:15:13.855721,
2,62,,2018-05-24,2018-05-24,,2022-09-28,2026-06-30 18:15:23.404184,
2,63,,2006-01-19,2006-01-23,,,2026-06-30 18:15:33.116764,
2,64,2025-07-16,,,,,2026-06-30 18:15:50.820871,
2,66,2021-05-23,2019-01-17,2019-01-09,,2022-05-29,2026-06-30 18:16:01.921884,
3,106,2025-01-09,,,,,2026-06-30 18:16:57.672596,
3,107,2026-01-09,,,,,2026-06-30 18:17:07.119978,
3,115,2024-10-20,,,,,2026-06-30 18:17:19.835110,
3,45,2025-07-02,,,,,2026-06-30 18:16:13.822647,
3,63,,,,,,2026-06-30 18:16:22.192019,
3,67,2026-04-19,,,,,2026-06-30 18:16:31.672216,
3,83,2025-12-09,,,,,2026-06-30 18:16:44.689424,
4,128,,,,,,2026-06-30 18:19:06.281536,
4,17,2025-09-17,,,,,2026-06-30 18:17:30.074882,
4,18,2024-03-05,,,,,2026-06-30 18:17:40.728527,
4,26,2026-04-20,,,,,2026-06-30 18:17:50.991470,
4,28,2025-01-20,,,,,2026-06-30 18:18:00.012714,
4,35,,,,,,2026-06-30 18:18:09.437535,
4,72,,2007-09-03,,,,2026-06-30 18:18:20.320431,
4,74,2025-02-20,,,,,2026-06-30 18:18:33.248890,
4,83,2024-10-14,,,,,2026-06-30 18:18:46.730690,
4,85,2025-05-25,,,,,2026-06-30 18:18:57.477014,
5,18,2026-05-12,,,,,2026-06-30 18:19:40.437054,
5,23,,,,,,2026-06-30 18:19:50.956907,
5,25,2026-03-31,,,,,2026-06-30 18:20:06.920492,
5,28,2026-01-28,,,,,2026-06-30 18:20:18.330333,
5,30,2026-03-18,,,,,2026-06-30 18:20:47.078455,
5,32,,,,,,2026-06-30 18:21:29.823694,
5,36,2026-01-04,,,,,2026-06-30 18:21:44.801613,
5,38,2026-01-04,,,,,2026-06-30 18:22:09.359839,
5,7,2026-05-14,,,,,2026-06-30 18:19:16.715436,
5,9,2026-04-09,,,,,2026-06-30 18:19:28.567482,
6,107,2026-05-11,,,,,2026-06-30 18:24:21.098342,
6,111,2025-05-06,,,,,2026-06-30 18:24:35.910105,
6,125,2025-08-14,1951-02-07,1951-02-07,,,2026-06-30 18:24:55.649416,
6,17,2026-05-05,1959-09-06,1959-08-20,,,2026-06-30 18:22:33.399975,
6,18,2026-03-24,,,,,2026-06-30 18:22:44.798490,
6,50,2026-05-13,,,,,2026-06-30 18:22:56.339702,
6,52,2026-05-13,,,,,2026-06-30 18:23:07.011435,
6,68,2025-12-01,,,,,2026-06-30 18:23:17.501231,
6,90,2025-08-17,,,,,2026-06-30 18:23:29.707204,
6,91,2026-05-22,,,,,2026-06-30 18:23:41.457935,
6,92,2025-08-17,,,,,2026-06-30 18:23:52.055455,
7,8,2026-03-10,,,,2026-03-26,2026-06-30 18:25:08.517383,
8,107,2026-06-09,,,,,2026-06-30 18:26:06.821615,
8,136,,,,,,2026-06-30 18:26:16.236790,
8,137,2026-06-23,,,,,2026-06-30 18:26:26.107388,
8,24,2026-04-19,,,,,2026-06-30 18:25:20.153878,
8,77,2025-10-23,,,,,2026-06-30 18:25:29.419495,
9,20,2025-03-13,,,,,2026-06-30 18:26:36.161663,
9,34,2026-01-28,,,,,2026-06-30 18:26:46.014859,
9,40,2025-02-24,,,,,2026-06-30 18:26:57.212389,
9,42,,,,,,2026-06-30 18:27:22.275810,
10,17,2025-07-02,,,,,2026-06-30 18:27:32.326574,
11,13,2025-12-23,2020-08-30,2020-08-26,,2024-08-14,2026-06-30 18:27:42.028619,
11,43,2026-01-26,,,,,2026-06-30 18:28:13.043731,
11,79,2026-04-24,,,,,2026-06-30 18:28:22.727037,
11,98,,,,,,2026-06-30 18:28:30.753325,
12,19,2024-03-17,,,,,2026-06-30 18:28:41.709003,
12,21,,,,,,2026-06-30 18:28:57.136465,
12,38,2024-01-17,,,,,2026-06-30 18:29:17.599913,
13,10,2026-01-06,,,,,2026-06-30 18:29:33.506595,
13,19,2024-03-17,,,,,2026-06-30 18:29:47.254318,
14,23,2025-12-02,,,,,2026-06-30 18:30:01.366175,
14,25,2025-12-02,,,,,2026-06-30 18:30:20.775484,
14,45,2024-01-23,,,,,2026-06-30 18:30:47.191067,
14,61,2026-06-24,,,,,2026-06-30 18:31:04.405557,
14,72,2022-12-09,,,,,2026-06-30 18:31:30.066314,
14,73,2023-06-26,,,,,2026-06-30 18:31:40.851343,
15,2,2025-03-09,,,,,2026-06-30 18:31:50.720278,
16,29,,,,,,2026-06-30 18:31:59.395724,
17,19,2025-11-23,,,,,2026-06-30 18:32:08.558202,
17,22,2026-01-25,1956-03-02,1956-03-02,,,2026-06-30 18:32:19.784186,
18,15,2026-06-14,,,,,2026-06-30 18:32:32.131347,
18,31,,,,,,2026-06-30 18:32:41.514357,
18,32,,,,,,2026-06-30 18:32:52.860679,
18,35,2025-01-12,,,,,2026-06-30 18:33:25.670168,
18,42,2024-10-28,,,,,2026-06-30 18:33:36.600106,
18,44,2026-03-10,,,,,2026-06-30 18:33:47.908062,
18,78,,,,,,2026-06-30 18:33:54.822965,
19,19,,,,,,2026-06-30 18:34:24.796186,
19,36,2026-06-03,,,,,2026-06-30 18:34:34.428377,
19,42,2023-10-12,,,,,2026-06-30 18:34:42.524113,
19,7,2023-03-01,2018-12-29,2018-12-27,,,2026-06-30 18:34:05.534093,
19,9,2026-05-13,,,,,2026-06-30 18:34:16.328029,
21,12,2025-02-10,2012-08-14,2012-08-12,,,2026-06-30 18:34:50.762732,
21,14,2026-04-19,,,,,2026-06-30 18:34:59.511961,
21,19,2024-10-02,,,,,2026-06-30 18:35:07.915254,
21,24,2025-11-26,,,,,2026-06-30 18:35:17.424835,
21,26,2019-12-05,,,,,2026-06-30 18:35:25.731288,
21,38,2026-05-19,,,,,2026-06-30 18:35:34.840901,
21,40,,,,,,2026-06-30 18:35:42.758054,
22,14,2024-12-04,,,,,2026-06-30 18:35:51.458945,
22,16,,1995-10-05,1996-06-02,,,2026-06-30 18:35:58.975075,
22,26,2024-05-01,,,,,2026-06-30 18:36:08.093422,
24,17,,,,,,2026-06-30 18:36:23.214745,
24,7,2025-12-15,1994-06-15,1994-06-15,,,2026-06-30 18:36:15.353271,
25,118,2025-12-18,,,,,2026-06-30 18:39:17.232944,
25,132,2020-02-05,,,,,2026-06-30 18:39:24.893486,
25,144,2026-04-14,,,,,2026-06-30 18:39:33.150577,
25,145,2025-04-21,,,,,2026-06-30 18:40:02.483642,
25,146,,,,,,2026-06-30 18:40:10.830161,
25,147,2026-03-23,,,,,2026-06-30 18:40:19.411964,
25,15,2025-10-30,,,,,2026-06-30 18:37:12.362561,
25,155,2026-05-18,2010-06-20,,,,2026-06-30 18:40:28.397506,
25,156,2025-02-11,,,,,2026-06-30 18:40:36.221745,
25,158,2025-02-11,,,,,2026-06-30 18:40:43.363012,
25,159,2025-05-29,,,,,2026-06-30 18:41:12.894545,
25,163,2026-06-01,,,,,2026-06-30 18:41:22.505480,
25,165,2026-06-16,,,,,2026-06-30 18:41:31.950397,
25,176,2026-03-24,,,,,2026-06-30 18:41:39.939479,
25,186,2026-06-02,,,,,2026-06-30 18:41:47.589253,
25,188,2025-08-04,,,,,2026-06-30 18:41:57.641361,
25,191,,,,,,2026-06-30 18:42:05.449009,
25,192,2025-12-11,,,,,2026-06-30 18:42:15.105739,
25,194,2026-01-26,,,,,2026-06-30 18:42:22.728124,
25,198,,,,,,2026-06-30 18:42:33.396722,
25,207,2025-09-11,1956-01-24,1986-02-27,,,2026-06-30 18:42:40.396907,
25,210,2024-12-12,,,,,2026-06-30 18:42:49.814520,
25,211,,,,,,2026-06-30 18:43:17.963348,
25,213,2026-02-15,,,,,2026-06-30 18:43:25.819782,
25,215,2026-03-10,,,,,2026-06-30 18:43:34.026075,
25,217,2026-04-14,,,,2013-04-04,2026-06-30 18:43:42.320247,
25,220,2026-03-22,2008-07-13,2008-07-13,,,2026-06-30 18:43:50.174654,
25,231,2025-12-04,,,,,2026-06-30 18:43:58.372568,
25,240,2025-03-25,2008-10-27,,,,2026-06-30 18:44:09.192927,
25,242,2026-06-24,2008-10-27,,,,2026-06-30 18:44:20.121482,
25,244,2024-02-15,2021-04-04,2021-03-25,,,2026-06-30 18:44:30.815280,
25,248,2025-05-11,,,,,2026-06-30 18:44:45.931312,
25,250,2023-09-27,,,,,2026-06-30 18:45:02.247798,
25,36,2024-09-15,2016-07-27,,,,2026-06-30 18:37:22.458551,
25,45,2025-05-19,,,,,2026-06-30 18:37:33.043871,
25,47,2024-11-13,,,,,2026-06-30 18:37:42.453467,
25,5,,,,,,2026-06-30 18:36:43.567273,
25,54,2025-09-11,,,,,2026-06-30 18:37:51.919271,
25,58,,,,,,2026-06-30 18:37:59.802861,
25,59,2025-06-17,,,,,2026-06-30 18:38:07.918753,
25,65,2023-08-15,,,,,2026-06-30 18:38:38.488381,
25,7,,,,,,2026-06-30 18:36:52.954780,
25,72,2025-12-10,2004-05-30,2004-10-17,,,2026-06-30 18:38:46.244552,
25,74,2025-09-15,,,,,2026-06-30 18:38:54.302840,
25,84,2026-02-25,2018-07-24,,,2018-10-09,2026-06-30 18:39:02.288389,
25,86,,,,,,2026-06-30 18:39:09.570469,
25,9,2025-12-25,2001-03-18,2001-03-18,,,2026-06-30 18:37:02.521697,
26,102,2024-08-02,,,,,2026-06-30 18:46:56.910650,
26,104,,2008-12-30,,,,2026-06-30 18:47:05.305036,
26,13,2025-11-17,,,,,2026-06-30 18:45:11.906445,
26,30,2025-12-01,,,,,2026-06-30 18:45:21.603753,
26,42,2025-05-06,,,,,2026-06-30 18:45:32.431649,
26,58,2025-07-28,2012-01-03,2011-11-29,,,2026-06-30 18:45:44.326141,
26,60,2024-10-01,,,,,2026-06-30 18:45:56.958881,
26,74,2025-05-06,,,,,2026-06-30 18:46:08.160262,
26,80,2025-07-27,,,,,2026-06-30 18:46:20.464687,
26,82,2016-12-20,2018-07-09,2018-01-22,,,2026-06-30 18:46:31.522911,
26,85,2024-12-11,,,,,2026-06-30 18:46:39.258348,
26,87,2023-11-13,,,,,2026-06-30 18:46:47.234636,
27,100,,,,,,2026-06-30 18:47:49.353502,
27,146,2025-02-27,,,,,2026-06-30 18:47:57.890363,
27,152,2024-12-02,,1980-08-28,,,2026-06-30 18:48:06.643967,
27,16,2025-12-22,,,,,2026-06-30 18:47:13.884667,
27,168,2025-05-05,,,,,2026-06-30 18:48:15.705324,
27,179,2025-10-21,,,,,2026-06-30 18:48:23.319995,
27,196,2026-06-03,2025-03-03,,,,2026-06-30 18:48:30.779969,
27,200,2023-08-03,2025-02-25,,,,2026-06-30 18:48:38.722719,
27,222,2024-07-01,,,,,2026-06-30 18:48:47.832204,
27,224,2025-01-12,,,,,2026-06-30 18:48:57.797749,
27,234,2025-02-02,,2015-02-16,,,2026-06-30 18:49:10.408761,
27,242,2023-07-03,,,,,2026-06-30 18:49:21.032066,
27,276,2026-06-21,,,,2025-11-13,2026-06-30 18:49:30.234187,
27,278,2026-01-20,,,,,2026-06-30 18:49:44.191528,
27,34,2025-03-13,,,,,2026-06-30 18:47:22.059224,
27,40,2024-05-07,,,,,2026-06-30 18:47:30.036830,
27,52,,,,,,2026-06-30 18:47:35.636549,
27,56,2026-06-01,,2013-03-19,,,2026-06-30 18:47:42.836601,
27,66,2026-05-20,2003-12-18,2003-12-18,,,2026-06-30 19:46:23.285629,
28,11,2026-01-22,,,,,2026-06-30 18:50:04.076202,
28,21,,,,,,2026-06-30 18:50:10.606595,
28,28,2026-05-14,,,,,2026-06-30 18:50:18.167362,
28,39,2026-06-23,,,,,2026-06-30 18:50:26.661517,
28,40,2026-04-09,,,,,2026-06-30 18:50:35.404278,
28,42,2026-04-09,,,,,2026-06-30 18:50:43.138606,
28,45,2025-09-08,,,,,2026-06-30 18:50:51.643145,
28,49,2026-04-27,,,,,2026-06-30 18:50:59.892086,
28,5,,,,,,2026-06-30 18:49:55.358208,
28,51,2026-04-28,,,,,2026-06-30 18:51:08.573132,
30,20,2025-12-15,,,,,2026-06-30 18:51:16.160483,
30,30,2019-12-01,,,,,2026-06-30 18:51:23.993143,
31,65,2025-02-11,,,,,2026-06-30 18:51:31.190354,
31,67,2025-02-20,,,,,2026-06-30 18:51:39.648011,
31,70,2026-02-12,,,,,2026-06-30 18:51:47.413771,
31,72,2026-05-12,,,,,2026-06-30 18:51:54.812340,
32,10,,,,,,2026-06-30 18:52:17.906245,
32,15,2024-11-13,,,,,2026-06-30 18:52:25.676284,
32,19,2026-05-14,,,,,2026-06-30 18:52:33.505926,
32,24,2026-04-09,,,,,2026-06-30 18:52:41.069298,
32,7,2026-04-23,,,,,2026-06-30 18:52:03.494113,
32,9,2026-04-29,,,,,2026-06-30 18:52:10.639437,
33,13,2026-06-21,,,,,2026-06-30 18:53:02.725972,
33,18,2026-01-25,,,,,2026-06-30 18:53:10.205671,
33,20,2026-01-25,,,,,2026-06-30 18:53:17.806647,
33,22,2026-01-25,,,,,2026-06-30 18:53:25.197454,
33,24,,,,,,2026-06-30 18:53:32.494257,
33,26,2025-01-09,,,,,2026-06-30 18:53:40.147422,
33,3,2025-08-10,,,,,2026-06-30 18:52:48.107975,
33,35,2021-03-21,,,,,2026-06-30 18:53:48.199544,
33,36,,1987-12-22,1987-12-22,,,2026-06-30 18:53:55.398482,
33,38,2026-01-04,,,,,2026-06-30 18:54:02.618877,
33,44,2025-02-11,,,,,2026-06-30 18:54:09.363227,
33,46,2026-06-03,,,,,2026-06-30 18:54:50.239444,
33,48,,,,,,2026-06-30 18:55:00.625342,
33,52,2025-02-13,,,,,2026-06-30 18:55:14.598857,
33,54,2025-02-13,,,,,2026-06-30 18:55:22.129260,
33,7,2025-11-19,2020-03-01,,,,2026-06-30 18:52:55.759564,
34,1,2025-04-21,,,,,2026-06-30 18:55:32.461969,
34,11,2026-05-10,,,,,2026-06-30 18:55:48.722487,
34,12,2025-04-29,,,,,2026-06-30 18:55:56.154265,
34,31,2025-08-07,,,,,2026-06-30 18:56:03.633981,
34,33,2025-08-12,,,,,2026-06-30 18:56:10.906691,
34,34,2023-08-06,2018-02-22,,,2018-03-05,2026-06-30 18:56:19.869830,
34,36,,,,,,2026-06-30 18:56:49.128443,
34,40,2024-10-20,,,,,2026-06-30 18:57:16.355353,
34,43,2025-12-01,,,,,2026-06-30 18:57:35.313456,
34,46,2024-11-05,,,,,2026-06-30 18:57:50.925573,
34,48,2024-10-15,,,,,2026-06-30 18:58:00.316648,
34,5,2024-09-01,,,,,2026-06-30 18:55:40.720158,
34,63,2024-07-16,,,,,2026-06-30 18:58:07.820874,
34,71,,,,,,2026-06-30 18:58:13.672241,
34,73,2025-01-05,,,,,2026-06-30 18:58:20.458807,
34,75,2025-01-05,,,,,2026-06-30 18:58:28.570610,
34,77,2025-07-16,,,,,2026-06-30 18:58:36.422501,
35,13,,,,,,2026-06-30 18:58:48.313027,
35,15,2025-09-01,,,,,2026-06-30 18:58:56.743462,
35,17,2026-05-07,,,,,2026-06-30 18:59:04.897494,
35,22,2025-01-12,,,,,2026-06-30 18:59:13.983930,
35,24,2025-01-12,,,,,2026-06-30 18:59:21.555354,
35,32,2026-06-02,1986-06-26,1986-06-26,,,2026-06-30 18:59:30.461256,
35,4,,,,,,2026-06-30 18:58:42.241179,
35,41,2025-11-02,,,,,2026-06-30 18:59:41.087475,
35,46,2025-04-21,2018-10-04,2018-09-07,,2023-07-30,2026-06-30 18:59:50.505071,
35,48,2025-04-21,2018-10-04,2018-09-07,,2023-07-30,2026-06-30 18:59:59.589157,
35,52,2026-05-12,,,,,2026-06-30 19:00:09.110667,
35,53,,,,,,2026-06-30 19:00:17.277588,
35,55,,,,,,2026-06-30 19:00:25.973407,
35,63,2025-02-19,,,,,2026-06-30 19:00:33.968122,
35,79,2026-01-22,,,,,2026-06-30 19:00:42.078751,
35,81,,,,,,2026-06-30 19:00:47.522293,
35,86,2025-01-26,,,,,2026-06-30 19:00:55.493225,
35,89,2026-06-29,,,,,2026-06-30 19:01:02.477360,
36,11,2026-04-20,1942-11-25,1939-08-31,,,2026-06-30 19:01:35.027145,
36,19,2025-12-24,1953-12-18,1953-12-18,,,2026-06-30 19:01:42.612735,
36,2,2026-05-14,,,,,2026-06-30 19:01:10.910320,
36,23,2024-12-15,1999-05-31,1999-05-31,,,2026-06-30 19:01:51.908536,
36,24,2025-07-21,,,,,2026-06-30 19:01:59.736166,
36,26,2025-07-20,,,,,2026-06-30 19:02:15.482539,
36,34,,,,,,2026-06-30 19:02:23.719949,
36,4,2025-05-07,,,,,2026-06-30 19:01:19.947688,
36,9,2026-04-20,1959-07-25,,,,2026-06-30 19:01:27.207523,
37,22,2024-03-03,,,,,2026-06-30 19:02:33.131096,
37,26,,,,,,2026-06-30 19:02:41.664810,
37,36,,,,,,2026-06-30 19:02:52.253775,
37,51,2025-02-17,,,,,2026-06-30 19:03:01.712698,
38,11,2026-05-31,,,,,2026-06-30 19:03:19.250480,
38,21,,1950-05-31,1960-05-31,,,2026-06-30 19:03:29.111242,
38,23,2025-03-11,,,,,2026-06-30 19:03:36.860661,
38,28,2025-09-15,,,,,2026-06-30 19:03:44.744222,
38,31,2020-09-23,2020-12-14,2020-12-13,,2024-01-02,2026-06-30 19:04:14.094174,
38,42,2024-12-25,,,,,2026-06-30 19:04:22.142437,
38,47,2025-11-30,,,,,2026-06-30 19:04:29.698415,
38,49,2026-04-23,,,,,2026-06-30 19:04:37.764606,
38,51,2025-07-20,,,,,2026-06-30 19:04:46.008058,
38,53,2026-01-11,,,,,2026-06-30 19:04:52.674957,
38,55,2026-01-11,,,,,2026-06-30 19:05:01.928288,
38,57,2026-01-13,,,,,2026-06-30 19:05:09.328965,
38,9,2023-10-24,,,,,2026-06-30 19:03:09.658186,
39,11,,,,,,2026-06-30 19:05:53.913186,
39,12,2024-06-19,,,,,2026-06-30 19:06:01.791846,
39,14,2024-06-19,,,,,2026-06-30 19:06:10.274269,
39,17,2025-03-13,,,,,2026-06-30 19:06:17.650292,
39,20,2025-03-04,1993-02-15,1993-02-15,,,2026-06-30 19:06:25.061191,
39,22,2025-03-04,1993-02-15,1993-02-15,,,2026-06-30 19:06:32.495216,
39,24,2020-07-12,,,,,2026-06-30 19:06:39.588316,
39,25,2025-12-14,,,,,2026-06-30 19:06:47.046139,
39,29,2025-08-04,,,,,2026-06-30 19:06:54.374755,
39,34,,,,,,2026-06-30 19:07:00.873399,
39,37,2023-06-25,,,,,2026-06-30 19:07:09.503584,
39,38,2018-12-05,,,,,2026-06-30 19:07:16.841288,
39,40,2026-04-28,2018-10-02,2017-06-01,,,2026-06-30 19:07:24.520396,
39,55,2026-06-07,,,,,2026-06-30 19:07:32.714551,
39,8,2026-06-28,,,,,2026-06-30 19:05:16.823291,
39,9,2026-02-11,,,,,2026-06-30 19:05:24.425737,
40,17,2021-11-09,,,,,2026-06-30 19:07:58.897241,
40,18,2025-11-18,,,,,2026-06-30 19:08:06.553351,
40,2,2025-02-17,,,,,2026-06-30 19:07:40.391842,
40,22,,,,,,2026-06-30 19:08:13.291176,
40,9,,,,,,2026-06-30 19:07:48.712994,
41,14,2026-06-08,1995-10-18,1995-10-18,,,2026-06-30 19:08:20.512715,
42,11,2024-09-25,,,,,2026-06-30 19:09:05.684935,
42,12,2025-03-26,,,,,2026-06-30 19:09:13.380982,
42,2,2026-06-07,,,,,2026-06-30 19:08:28.685578,
42,9,2025-09-09,,,,,2026-06-30 19:08:36.066396,
43,7,2025-11-09,,,,,2026-06-30 19:09:23.574918,
44,2,2024-04-03,,,,,2026-06-30 19:09:32.195422,
44,21,,,,,,2026-06-30 19:09:38.673596,
45,15,,,,,,2026-06-30 19:09:54.279788,
45,20,2025-01-19,1951-07-29,,,,2026-06-30 19:10:29.513593,
45,6,2026-03-15,,,,,2026-06-30 19:09:46.739707,
48,1,,,,,,2026-06-30 19:10:41.362807,
48,13,,,,,,2026-06-30 19:10:49.820105,
48,14,2026-04-05,,,,,2026-06-30 19:11:04.322249,
49,12,2025-12-17,,,,,2026-06-30 19:11:16.641056,
49,21,2026-03-19,,,,,2026-06-30 19:11:27.330513,
50,26,2025-08-24,1970-10-27,,,,2026-06-30 19:12:02.723415,
50,4,2025-07-17,,,,,2026-06-30 19:11:38.411033,
50,6,,,,,,2026-06-30 19:11:47.795307,
53,3,2025-03-31,2010-06-27,2010-05-09,,,2026-06-30 19:12:17.912813,
53,4,2024-10-01,,,,,2026-06-30 19:12:29.027018,
54,1,2024-04-03,,,,,2026-06-30 19:13:00.213161,
54,11,,,,,,2026-06-30 19:14:05.024658,
54,25,2026-04-29,,,,,2026-06-30 19:14:23.995506,
54,6,2023-10-26,,,,,2026-06-30 19:13:11.992676,
54,8,2026-02-19,,,,,2026-06-30 19:13:24.957917,
54,9,2026-04-05,,,,,2026-06-30 19:13:35.681431,
55,1,2026-05-13,,,,,2026-06-30 19:14:38.975827,
56,26,2026-01-26,,,,,2026-06-30 19:14:51.237971,
56,36,2026-05-22,,,,,2026-06-30 19:15:07.202837,
56,38,2026-05-13,,,,,2026-06-30 19:15:25.776046,
56,56,2024-08-28,,,,,2026-06-30 19:15:40.032627,
57,6,,,,,,2026-06-30 19:15:54.328835,
58,6,2023-11-06,2020-11-02,2020-10-19,,2025-01-22,2026-06-30 19:16:10.267469,
60,2,2023-12-20,,,,,2026-06-30 19:16:18.141951,
60,21,2024-12-19,,,,,2026-06-30 19:16:34.375783,
60,7,2026-01-25,1956-03-02,1956-03-02,,,2026-06-30 19:16:26.744883,
61,15,,,,,,2026-06-30 19:17:02.316845,
62,13,2024-11-24,,,,,2026-06-30 19:17:10.206931,
62,16,2025-01-27,,,,,2026-06-30 19:17:18.352678,
66,12,2026-03-12,,,,,2026-06-30 19:17:26.749368,
66,13,2026-01-05,1948-03-17,1948-03-28,,,2026-06-30 19:17:35.371015,
67,10,2026-05-27,,,,,2026-06-30 19:18:01.343097,
67,11,2025-08-31,1997-01-15,,,,2026-06-30 19:18:08.813389,
67,13,2024-06-06,2020-08-10,2020-08-05,,2024-02-25,2026-06-30 19:18:18.301712,
67,33,2024-10-13,,,,,2026-06-30 19:18:26.280156,
67,47,2025-11-06,2009-12-08,2009-11-05,,,2026-06-30 19:18:34.218602,
67,5,2024-11-10,,,,,2026-06-30 19:17:43.975792,
67,9,2025-01-07,,,,,2026-06-30 19:17:52.244310,
69,24,2024-12-01,,,,,2026-06-30 19:18:56.369680,
69,36,2026-04-29,,,,,2026-06-30 19:19:03.674464,
69,5,,,,,,2026-06-30 19:18:41.313703,
69,56,2024-08-27,,,,,2026-06-30 19:19:11.923218,
69,62,2025-04-02,,,,,2026-06-30 19:19:20.038236,
69,77,2025-10-23,,,,,2026-06-30 19:19:30.681385,
69,8,,,,,,2026-06-30 19:18:47.961884,
71,28,2025-08-19,2020-10-21,2020-08-05,,2025-06-16,2026-06-30 19:19:38.394223,
72,17,2024-10-13,,,,,2026-06-30 19:19:54.706607,
72,2,2025-05-15,2021-09-25,2021-08-30,,,2026-06-30 19:19:46.464098,
73,10,2026-05-11,,,,,2026-06-30 19:20:24.990894,
73,3,2023-03-13,,,,,2026-06-30 19:20:04.078468,
73,4,,,,,,2026-06-30 19:20:10.059485,
73,9,2026-06-03,,,,,2026-06-30 19:20:17.720332,
74,14,2025-05-06,,,,,2026-06-30 19:20:32.905417,
75,26,2025-12-08,2021-02-23,2021-02-22,,,2026-06-30 19:20:48.942500,
75,28,,,,,,2026-06-30 19:20:54.600962,
75,3,,,,,,2026-06-30 19:20:39.776621,
75,31,2026-03-25,,,,,2026-06-30 19:21:02.871158,
75,34,2025-05-05,,,,,2026-06-30 19:21:10.535463,
76,3,2023-05-24,,,,,2026-06-30 19:21:18.019418,
76,6,,,,,,2026-06-30 19:21:24.129542,
77,10,,,,,,2026-06-30 19:21:53.589629,
77,12,,,,,,2026-06-30 19:22:01.052376,
77,14,2024-07-28,,,,,2026-06-30 19:22:11.100522,
77,26,2026-02-22,,,,,2026-06-30 19:22:20.268019,
77,4,2025-05-12,,,,,2026-06-30 19:21:31.186757,
77,6,2024-03-19,,,,,2026-06-30 19:21:38.234395,
77,7,2026-05-18,1999-05-25,1999-05-25,,,2026-06-30 19:21:45.881542,
79,5,2025-07-14,,,,,2026-06-30 19:22:28.839641,
80,35,,,,,,2026-06-30 19:22:34.517352,
80,36,2026-02-18,,,,,2026-06-30 19:22:41.702656,
80,45,2024-12-24,,,,,2026-06-30 19:22:51.012828,
80,51,,,,,,2026-06-30 19:22:57.813180,
80,52,,,,,,2026-06-30 19:23:03.830976,
80,62,2025-12-08,,,,,2026-06-30 19:23:11.295899,
81,1,2024-12-31,,,,,2026-06-30 19:23:19.897476,
81,13,2026-05-11,,,,,2026-06-30 19:23:58.196348,
81,3,2026-03-26,,,,,2026-06-30 19:23:28.995739,
81,9,,,,,,2026-06-30 19:23:38.808629,
82,6,2026-06-11,,,,,2026-06-30 19:24:16.615356,
84,20,,,,,,2026-06-30 19:24:26.039097,
84,23,2026-04-20,,,,,2026-06-30 19:24:37.610869,
84,25,2026-06-04,,,,,2026-06-30 19:24:58.698641,
84,29,2023-11-09,,,,,2026-06-30 19:25:25.268967,
84,33,2026-06-11,2020-10-19,2020-10-08,,,2026-06-30 19:25:46.154907,
84,48,2023-10-18,,,,2025-02-10,2026-06-30 19:26:06.891532,
84,7,2026-05-20,2003-12-18,2003-12-18,,,2026-06-30 19:46:30.721194,
85,1,,,,,,2026-06-30 19:26:16.069109,
85,19,2025-02-25,,,,,2026-06-30 19:26:43.832699,
85,21,2026-04-22,,,,,2026-06-30 19:26:53.416877,
85,22,2025-01-01,,,,,2026-06-30 19:27:02.455969,
85,23,,2013-11-18,,,,2026-06-30 19:27:10.868501,
85,29,2017-09-17,2018-02-25,2018-02-21,,,2026-06-30 19:27:19.790532,
85,31,2026-03-18,,,,,2026-06-30 19:27:33.983251,
85,32,2026-04-19,,,,,2026-06-30 19:27:41.932004,
85,45,,1999-06-30,1999-05-05,,,2026-06-30 19:27:49.928769,
85,47,2024-05-15,,,,,2026-06-30 19:27:57.419304,
85,49,2024-05-15,,,,,2026-06-30 19:28:08.908118,
85,51,2025-06-06,,,,,2026-06-30 19:28:18.976654,
85,53,2025-06-06,,,,,2026-06-30 19:28:38.022439,
85,6,2025-03-23,,,,,2026-06-30 19:26:33.989948,
85,65,2025-06-24,,,,,2026-06-30 19:28:52.140407,
85,67,2026-02-22,,,,,2026-06-30 19:29:01.087892,
86,11,2025-10-16,,,,,2026-06-30 19:29:38.296054,
86,14,2024-08-02,,,,,2026-06-30 19:30:00.173336,
86,15,2024-12-11,,,,,2026-06-30 19:30:29.539559,
86,16,2023-11-13,,,,,2026-06-30 19:30:37.703498,
86,17,2026-05-05,,,,,2026-06-30 19:31:12.795868,
86,2,2025-07-09,1964-02-10,,,,2026-06-30 19:29:15.555442,
86,9,2024-12-22,,,,,2026-06-30 19:29:27.221281,
87,7,2026-01-28,2020-02-24,,,2023-01-08,2026-06-30 19:31:29.670239,
87,9,2026-01-28,,,,,2026-06-30 19:31:42.571080,
88,28,2026-06-04,,,,,2026-06-30 19:32:02.880232,
88,29,2026-04-20,,,,,2026-06-30 19:32:20.540919,
88,30,2026-05-19,2011-07-24,1999-06-03,,,2026-06-30 19:32:40.926723,
88,32,2021-02-24,2020-03-01,2016-04-18,,2021-07-12,2026-06-30 19:32:47.579843,
88,47,2025-09-07,,,,,2026-06-30 19:32:58.548147,
88,49,2025-08-13,,,,,2026-06-30 19:33:05.661403,
88,56,2024-08-08,,,,,2026-06-30 19:33:16.057133,
88,62,2024-03-03,,,,,2026-06-30 19:33:23.454690,
91,4,,1971-09-06,1971-09-06,,,2026-06-30 19:33:31.434996,
91,6,2025-02-02,,,,,2026-06-30 19:33:39.098313,
91,8,2025-04-22,2020-08-23,,,2021-04-26,2026-06-30 19:33:46.205481,
92,10,2026-02-09,,,,,2026-06-30 19:33:55.877036,
92,30,2025-12-01,,,,,2026-06-30 19:34:05.045225,
92,47,2026-01-29,,,,,2026-06-30 19:34:12.608870,
93,28,2026-06-23,,,,,2026-06-30 19:34:21.336312,
93,29,2025-10-26,,,,,2026-06-30 19:34:30.713813,
93,30,2021-11-15,1991-11-28,1991-11-28,,,2026-06-30 19:34:38.483199,
93,44,,,,,,2026-06-30 19:34:44.291098,
93,46,,,,,,2026-06-30 19:34:50.089548,
94,2,2025-11-17,,,,,2026-06-30 19:35:04.556178,
94,20,2025-04-21,,,,,2026-06-30 19:35:20.267746,
95,2,,,,,,2026-06-30 19:35:29.338716,
95,3,2025-05-19,,,,,2026-06-30 19:35:42.808908,
96,11,2025-12-16,1976-07-06,1976-07-06,,,2026-06-30 19:35:58.902941,
96,17,2025-12-10,2004-05-30,2004-10-17,,,2026-06-30 19:36:11.655563,
96,20,,,,,,2026-06-30 19:36:21.877079,
96,22,,,,,,2026-06-30 19:36:30.286786,
96,62,2026-05-25,1964-07-10,1964-07-10,,,2026-06-30 19:36:46.241660,
97,20,2025-12-15,,,,,2026-06-30 19:36:59.592009,
98,11,2024-07-23,,,,,2026-06-30 19:37:21.303827,
98,5,2025-08-13,,,,,2026-06-30 19:37:07.811408,
99,32,2023-09-06,,,,,2026-06-30 19:37:57.341908,
100,1,2018-01-29,,,,,2026-06-30 19:38:11.133262,
100,3,2025-10-22,2017-03-01,,,,2026-06-30 19:38:25.001288,
104,1,2024-08-27,,,,,2026-06-30 19:38:40.791158,
104,23,2026-02-23,,,,,2026-06-30 19:39:10.508393,
104,4,2025-10-20,,,,,2026-06-30 19:38:56.081889,
108,15,2025-12-25,2001-03-18,2001-03-18,,,2026-06-30 19:39:35.586067,
108,4,,,,,,2026-06-30 19:39:20.440214,
109,10,,,,,,2026-06-30 19:40:19.684886,
109,2,2025-09-17,,,,,2026-06-30 19:39:50.627297,
109,4,,1970-09-09,1936-01-18,,,2026-06-30 19:40:06.757099,
110,10,,,,,,2026-06-30 19:41:00.582003,
110,11,2025-06-30,,,,,2026-06-30 19:41:16.004593,
110,19,2025-10-15,,,,,2026-06-30 19:41:29.319823,
110,21,2025-10-15,,,,,2026-06-30 19:41:37.508717,
110,9,2026-06-01,,2013-03-19,,,2026-06-30 19:40:35.171760,
111,16,2026-05-19,,,,,2026-06-30 19:41:45.261224,
111,18,2025-12-17,,,,,2026-06-30 19:41:53.578707,
111,38,2026-06-03,,,,,2026-06-30 19:42:14.904310,
112,11,2024-05-07,,,,,2026-06-30 19:42:30.537180,
112,12,2026-05-04,,,,,2026-06-30 19:42:41.643830,
112,32,,,,,,2026-06-30 19:42:48.441900,
112,33,2024-12-10,,,,,2026-06-30 19:42:57.178457,
112,35,2026-06-01,,,,,2026-06-30 19:46:39.122369,
113,14,,,,,,2026-06-30 19:46:54.181387,
113,23,,,,,,2026-06-30 19:47:00.656364,
113,38,2026-05-13,,,,,2026-06-30 19:47:08.844083,
113,9,2025-03-13,,,,,2026-06-30 19:46:48.061027,
115,10,2025-03-25,,,,,2026-06-30 19:47:17.969921,
115,16,,,,,,2026-06-30 19:47:26.544165,
116,14,2024-12-29,,,,,2026-06-30 19:47:43.418126,
116,18,2023-08-15,,,,,2026-06-30 19:47:51.553180,
116,20,2026-06-01,,,,,2026-06-30 19:48:20.547858,
116,7,2025-12-22,,,,,2026-06-30 19:47:34.570768,
118,17,,,,,,2026-06-30 19:48:30.003667,
121,15,2024-12-04,,,,,2026-06-30 19:48:46.883574,
122,17,,,,,,2026-06-30 19:48:57.940192,
122,19,,,,,,2026-06-30 19:49:08.639443,
122,21,,,,,,2026-06-30 19:49:17.727026,
123,10,,,,,,2026-06-30 19:49:42.202738,
123,18,,,,,,2026-06-30 19:49:53.042899,
123,20,,,,,,2026-06-30 19:50:05.623785,
123,8,,,,,,2026-06-30 19:49:27.152703,
127,10,,,,,,2026-06-30 19:50:14.607556,
127,12,,,,,,2026-06-30 19:50:24.289969,
128,22,2024-12-04,,,,,2026-06-30 19:50:48.805725,
128,9,,,,,,2026-06-30 19:50:36.087371,
130,1,2025-02-24,,,,,2026-06-30 19:51:00.450026,
130,10,2025-11-30,,,,,2026-06-30 19:51:31.794322,
130,11,2023-09-06,,,,,2026-06-30 19:51:42.093385,
130,12,,,,,,2026-06-30 19:51:49.556822,
130,13,2026-06-24,,,,,2026-06-30 19:51:59.300272,
130,15,2024-10-15,,,,,2026-06-30 19:52:08.070446,
130,8,2025-05-27,,,,,2026-06-30 19:51:15.151177,
131,33,2025-08-18,,,,,2026-06-30 19:52:15.917280,
131,44,2023-09-06,,,,,2026-06-30 19:52:23.287777,
132,34,2025-11-27,,,,,2026-06-30 19:52:33.938402,
132,45,2025-09-14,,,,,2026-06-30 19:52:49.479200,
133,27,2025-04-28,,,,,2026-06-30 19:53:04.622459,
170,12,,,,,,2026-06-30 19:53:12.478544,
170,13,2025-09-01,,,,,2026-06-30 19:53:21.594396,
170,14,,,,,,2026-06-30 19:53:28.175823,
170,16,2025-12-04,,,,,2026-06-30 19:53:37.966395,
170,26,,,,,,2026-06-30 19:53:45.518413,
170,28,2024-09-01,,,,,2026-06-30 19:53:54.734919,
171,12,2025-04-21,,,,,2026-06-30 19:54:09.504744,
172,19,2026-02-19,,,,,2026-06-30 19:54:36.209971,
172,21,2026-05-10,,,,,2026-06-30 19:54:49.461044,
172,23,2025-04-29,,,,,2026-06-30 19:54:59.509049,
172,25,,,,,,2026-06-30 19:55:11.748245,
172,32,2025-08-10,,,,,2026-06-30 19:55:26.194516,
172,8,2026-05-07,,,,,2026-06-30 19:54:23.937601,
173,15,2026-03-24,,,,,2026-06-30 19:55:33.973947,
173,17,2025-12-01,,,,,2026-06-30 19:55:44.619592,
173,19,,,,,,2026-06-30 19:55:50.443226,
173,36,2025-11-19,2020-03-01,,,,2026-06-30 19:55:58.049499,
174,16,,,,,,2026-06-30 19:56:21.705267,
174,18,2019-09-26,,,,,2026-06-30 19:56:29.356217,
174,21,2026-02-04,1992-11-12,1992-11-12,,,2026-06-30 19:56:36.582591,
174,23,,,,,,2026-06-30 19:56:43.353236,
174,37,2026-06-21,,,,,2026-06-30 19:56:52.529030,
174,5,2025-07-10,1993-08-31,1993-08-31,,,2026-06-30 19:56:05.986614,
174,7,,,,,,2026-06-30 19:56:13.541925,
175,1,2024-06-18,2021-07-22,2021-07-22,,,2026-06-30 19:57:02.990251,
175,23,2024-05-29,,,,,2026-06-30 19:57:10.799664,
176,11,2026-06-01,,,,,2026-06-30 19:57:41.783998,
176,17,,,,,,2026-06-30 19:57:47.860352,
176,19,2023-08-06,2018-02-22,,,2018-03-05,2026-06-30 19:57:55.409789,
176,34,2024-09-19,,,,,2026-06-30 19:58:03.330750,
176,36,,2011-12-07,1994-02-28,,,2026-06-30 19:58:10.094230,
176,38,2026-01-25,,,,,2026-06-30 19:58:18.171952,
176,6,2025-09-28,,,,,2026-06-30 19:57:20.504643,
176,7,2026-06-02,1986-06-26,1986-06-26,,,2026-06-30 19:57:27.122952,
176,9,2026-06-01,,,,,2026-06-30 19:57:34.105656,
177,1,,,,,,2026-06-30 19:58:24.913922,
177,3,2020-03-18,2021-11-25,2021-11-23,,,2026-06-30 19:58:31.505010,
177,5,2024-11-21,,,,,2026-06-30 19:58:40.702103,
177,7,2025-11-02,,,,,2026-06-30 19:58:49.104207,
179,15,2025-10-24,,,,,2026-06-30 19:58:56.271330,
179,21,2025-08-12,,,,,2026-06-30 19:59:04.064121,
179,22,2025-08-07,,,,,2026-06-30 19:59:11.099082,
180,13,,,,,,2026-06-30 19:59:17.947913,
180,15,2025-04-21,2018-10-04,2018-09-07,,2023-07-30,2026-06-30 19:59:26.629107,
180,29,2026-01-15,,,,,2026-06-30 19:59:35.034546,
180,31,2020-02-20,,,,,2026-06-30 19:59:42.540481,
180,33,2021-03-21,,,,,2026-06-30 19:59:50.540700,
180,37,2024-02-11,,,,,2026-06-30 19:59:58.209594,
180,39,,,,,,2026-06-30 20:00:04.481382,
181,14,,,,,,2026-06-30 20:00:19.833784,
181,2,2025-12-28,,,,,2026-06-30 20:00:11.566384,
181,22,2025-12-01,,,,,2026-06-30 20:00:32.019084,
181,23,2024-10-15,,,,,2026-06-30 20:00:44.343694,
181,24,2024-11-05,,,,,2026-06-30 20:00:56.403363,
181,28,2020-07-08,2021-02-24,2021-02-22,,,2026-06-30 20:01:10.052253,
187,123,2025-10-16,2017-06-01,2018-02-15,,,2026-06-30 20:03:48.283870,
187,124,2025-03-20,,,,2006-10-03,2026-06-30 20:04:00.262430,
187,127,2024-10-28,2018-12-11,2018-06-20,,,2026-06-30 20:04:18.849579,
187,134,2025-09-11,,,,,2026-06-30 20:04:40.584594,
187,146,2026-05-19,,,,,2026-06-30 20:04:53.435904,
187,148,2026-06-28,1996-04-16,1996-06-12,,,2026-06-30 20:05:04.224862,
187,149,,2010-06-10,2010-06-06,,2010-11-14,2026-06-30 20:05:16.284371,
187,151,2026-04-23,1975-06-23,1975-06-23,,,2026-06-30 20:05:29.786136,
187,156,2020-10-27,,,,,2026-06-30 20:05:40.711973,
187,158,2025-11-12,2014-04-09,2014-12-02,,,2026-06-30 20:05:53.004360,
187,160,,2003-02-20,2001-12-02,,2003-03-04,2026-06-30 20:06:03.549618,
187,161,,2013-01-21,2013-02-06,,,2026-06-30 20:06:14.417306,
187,163,2025-09-01,,,,,2026-06-30 20:06:25.455900,
187,180,2026-02-01,,,,,2026-06-30 20:06:34.758373,
187,181,2025-09-09,,,,,2026-06-30 20:06:44.338527,
187,185,2024-09-24,,,,,2026-06-30 20:06:55.334814,
187,191,2025-01-01,,,,,2026-06-30 20:07:09.748610,
187,192,,2018-06-05,,,,2026-06-30 20:07:25.171211,
187,193,2024-06-09,,,,,2026-06-30 20:07:37.360214,
187,194,2021-05-06,2003-07-21,1992-03-08,,,2026-06-30 20:07:52.361532,
187,203,2023-06-20,,,,2023-11-12,2026-06-30 20:08:07.870177,
187,207,2026-05-26,,,,,2026-06-30 20:08:24.119567,
187,223,2023-08-13,,,,,2026-06-30 20:08:37.860600,
187,228,2024-11-10,2021-08-09,2020-08-08,,2025-01-05,2026-06-30 20:08:51.628752,
187,230,2020-08-04,2012-09-03,2012-08-29,,,2026-06-30 20:09:02.401021,
187,232,2025-08-11,,,,,2026-06-30 20:09:12.789088,
187,234,2025-08-11,,,,,2026-06-30 20:09:31.723616,
187,242,,,,,,2026-06-30 20:09:49.442802,
187,247,2025-08-27,,,,,2026-06-30 20:10:08.255786,
187,257,2025-02-20,,,,,2026-06-30 20:10:17.101245,
187,259,2026-05-10,,,,,2026-06-30 20:10:27.766004,
187,262,2025-08-19,,,,,2026-06-30 20:10:37.021006,
187,266,2026-02-10,,,,,2026-06-30 20:10:49.820187,
187,268,2024-07-18,,,,,2026-06-30 20:11:05.015885,
187,27,2026-03-08,,,,,2026-06-30 20:01:25.168083,
187,275,,,,,,2026-06-30 20:11:13.485081,
187,277,,,,,,2026-06-30 20:11:25.033905,
187,280,,,,,,2026-06-30 20:11:32.590828,
187,281,,1983-10-28,,,,2026-06-30 20:11:39.162911,
187,283,,2012-04-19,,,,2026-06-30 20:11:46.527309,
187,285,2025-07-21,,,,,2026-06-30 20:12:01.907753,
187,286,2026-02-15,,,,,2026-06-30 20:12:13.874154,
187,287,2026-01-14,,,,,2026-06-30 20:12:26.176005,
187,289,2026-01-14,,,,,2026-06-30 20:12:36.847681,
187,292,2025-08-21,,,,,2026-06-30 20:12:48.638610,
187,296,2024-06-10,,2000-07-05,,,2026-06-30 20:12:57.808738,
187,324,2025-06-30,2001-08-04,,,,2026-06-30 20:13:06.998696,
187,326,2025-11-27,2019-04-18,,,2025-12-17,2026-06-30 20:13:15.317870,
187,338,2025-07-07,,,,,2026-06-30 20:13:24.110556,
187,340,2025-06-24,,,,,2026-06-30 20:13:31.479151,
187,35,2025-10-21,,,,,2026-06-30 20:01:37.092413,
187,36,2023-12-24,,,,,2026-06-30 20:01:51.146749,
187,44,2026-05-18,,,,,2026-06-30 20:02:03.776711,
187,72,2025-11-05,1981-09-24,,,,2026-06-30 20:02:27.689179,
187,74,2026-02-03,1967-12-03,1967-12-03,,,2026-06-30 20:02:42.359641,
187,78,2023-08-24,,,,,2026-06-30 20:02:54.282504,
187,85,2024-11-28,,,,,2026-06-30 20:03:10.139971,
187,91,2025-10-05,,,,,2026-06-30 20:03:27.662905,
187,93,2026-02-22,,,,,2026-06-30 20:03:38.038619,
188,15,2026-06-14,,,,2023-08-17,2026-06-30 20:13:42.392145,
189,12,2025-07-20,,,,,2026-06-30 20:13:59.248711,
189,29,2026-05-18,,,,,2026-06-30 20:14:06.699781,
189,31,,,,,,2026-06-30 20:14:12.757803,
189,9,2024-11-04,,,,,2026-06-30 20:13:50.959816,
190,14,2024-10-15,,,,,2026-06-30 20:14:34.823273,
190,16,2025-02-25,2011-02-20,2011-02-15,,,2026-06-30 20:14:43.739993,
190,18,2026-03-24,,,,,2026-06-30 20:14:51.641090,
190,23,2025-02-16,1953-04-14,1953-04-14,,,2026-07-05 10:01:24.225950,067b3fa318a49e3a87d203daa7b94ca0
190,25,2025-11-03,,,,,2026-07-05 10:01:43.691202,40a53bf8546f21808d3bd06f2312eb88
190,29,2025-11-26,2011-09-27,2011-01-18,,,2026-07-05 10:02:20.383078,4ecc27bc6c7d4e151d576ae4026e8f83
190,30,2025-03-02,,,,,2026-07-05 10:02:34.765072,a575abbcb54340cf86de6114fa986a43
190,32,,,,,,2026-07-05 10:02:43.390425,f9c1ff0af59cf7bdd173260f118646dc
190,33,,,,,,2026-07-05 10:02:54.520545,9bc62468118b1d9a7e72e3c5ce159737
190,34,2023-08-31,,,,,2026-07-05 10:03:14.270127,f9c1ff0af59cf7bdd173260f118646dc
190,35,2025-07-15,,,,,2026-07-05 10:03:33.073493,8d9f2bd99fed31fd91f30b1e02f57ed6
190,4,2025-09-10,,,,,2026-06-30 20:14:19.690467,
190,41,2021-01-27,,,,,2026-07-05 10:04:00.752151,a5c8a1715d14327e578129fd1b95cbb6
190,42,2025-04-10,,,,,2026-07-05 10:04:16.921187,7326db8de727c61fa88dc25abc6b1806
190,43,2026-02-24,,,,,2026-07-05 10:04:34.880282,d44b93684a53ad679af2c026092d329a
190,44,2025-02-18,1954-10-13,,,,2026-07-05 10:04:50.376912,3167678147d471c9e021924dc53d96ae
190,46,2018-03-18,,,,,2026-07-05 10:05:27.317713,bf4704ac15b7a16357e0ed7924f3b243
190,48,2026-01-22,,,,,2026-07-05 10:05:45.742598,eb084285dc508d95890bb6aac0cccba8
190,50,2025-07-02,,,,,2026-07-05 10:06:03.147008,c3a464d14ddd02dff23d26887ba5e30a
190,57,2025-05-14,2019-03-12,2019-03-10,,,2026-07-05 10:06:19.535424,b2189dc1fcfbb340d837e3e99fefc9d7
190,59,2024-01-01,1998-07-22,1998-07-22,,,2026-07-05 10:06:38.495824,f903d56f5ac2b57c6bdbad497ff4b890
190,62,2025-08-10,,,,,2026-07-05 10:07:16.215425,1d52f2dfb3304debe2fe9926e3db569a
190,8,2026-06-16,,,,,2026-06-30 20:14:27.205536,
191,13,2026-02-08,1969-04-22,,,,2026-07-05 10:07:55.942502,957bd2c7a379ed336704ced9e52de26f
191,15,2025-11-10,,,,,2026-07-05 10:08:13.472814,15cfca6658fe2c261106f9d13683b5bf
191,55,2025-12-23,,,,,2026-07-05 10:08:31.116158,b38cc3e674218c2c785e393dc73c3779
191,71,2025-05-07,1976-04-23,,,,2026-07-05 10:08:46.842534,c5992881120e37078e15f3f5b6ee64ce
191,8,2025-05-14,,,,,2026-07-05 10:07:40.843076,f364aaf84ebb10c8a59fd14ae063ad72
191,85,2023-07-23,,,,,2026-07-05 10:09:23.661857,b3b726acca54f0af0758a5a165e3be87
191,88,2025-05-28,,,,,2026-07-05 10:09:47.342445,513d296e67788e6fdfd1272dc6b05ea1
191,89,2024-09-04,,,,,2026-07-05 10:10:04.663082,d0f9e1d1d3cf5ae84324926a3b8d766a
191,94,2025-09-07,,,,,2026-07-05 10:10:20.590561,24f6aea5b33516b1a75957b6e3ab21eb
191,98,2025-04-24,,1976-11-08,,,2026-07-05 10:10:43.623280,cf12791e2b3b1048fc961831b754ade2
192,9,2025-03-17,,,,,2026-07-05 10:11:01.494706,b7fe424293a445db0ecabddf358bfd46
193,13,2025-04-21,,,,,2026-07-05 10:11:19.150986,344ba5ee2559cf9e85f444d321c7e111
193,132,2022-06-20,2019-06-27,2019-06-19,,2023-03-14,2026-07-05 10:12:13.465793,3fbefca40d79f75d90bb6ed82cc34587
193,153,2025-01-27,2015-02-22,2015-02-04,,,2026-07-05 10:12:50.247861,ba639d507fd68c50ec06fef11bfb5b73
193,18,2026-01-01,,,,2018-03-04,2026-07-05 10:11:35.942121,da1aaa8c808b3dacb9c982989ffa2d5d
193,47,2026-02-24,,,,,2026-07-05 10:11:55.302616,9f4e8dae4f61e001af80f6c2f9d4176b
194,1,2024-07-01,,,,,2026-07-05 10:13:09.037523,e6a528d6e9a00d06eb7415a6ed4669ae
194,101,2026-06-15,,,,,2026-07-05 10:21:01.963906,c1b03b7200ab9aece688da312042fd48
194,102,2025-02-09,,,,,2026-07-05 10:21:17.370227,903ad30331ad1d0257e90b77c0902ed7
194,103,2026-03-10,2007-07-12,2007-07-05,,,2026-07-05 10:21:42.044875,3dd1bd2c7bc047396c5cf5578d1c92b9
194,104,2024-12-15,2022-01-02,2021-12-29,,,2026-07-05 10:22:02.024649,f073394f61d3ef4f093d44dfd9702e68
194,105,2026-04-29,,,,,2026-07-05 10:22:18.472492,1ca82c05b0acb14496eb27b8a42cf884
194,107,2024-09-26,,,,,2026-07-05 10:22:35.592167,299a97308f565c1c357fb648dc9f7732
194,108,2026-02-16,,,,,2026-07-05 10:22:51.158359,f22144d1d64943be876f4a32c81fc16a
194,109,2025-09-11,,,,,2026-07-05 10:23:09.610593,b95ce5e602ea7655a11417838493c39e
194,111,2026-01-10,,1968-01-19,,,2026-07-05 10:23:26.734548,0fa0cdb997a87a566df5069d9c4dcead
194,112,2025-07-19,1995-03-26,1995-07-13,,,2026-07-05 10:23:44.562019,75764d7328c77774dffb241956e41f9f
194,113,2025-06-22,,,,,2026-07-05 10:24:00.539710,81849cb945d69537badb44a8e7e96820
194,116,2025-02-19,1995-03-23,1994-12-06,,,2026-07-05 10:24:21.262099,4f9d890a07410beca48506896ae93272
194,117,2024-11-24,1967-10-30,1967-10-30,,,2026-07-05 10:24:37.959202,d8e8e37d613a651d77948c756ca8b403
194,118,2025-05-15,1963-08-12,1963-08-12,,,2026-07-05 10:24:54.794828,c3c058e723f203b2ed2b1c7d52f6aa2f
194,135,2024-10-13,,,,,2026-07-05 10:25:10.812804,212c525ac503afe22bbf3d0a8c822650
194,137,,,,,,2026-07-05 10:25:20.108573,212c525ac503afe22bbf3d0a8c822650
194,138,2025-10-29,,,,,2026-07-05 10:25:36.075354,731cae041b25951905713ec949ebe0ad
194,14,2026-01-26,,,,,2026-07-05 10:13:30.142783,5be360556ed5025cecfc80971ed57bb6
194,142,2026-01-14,,1983-07-04,,,2026-07-05 10:25:53.842128,daf4aa4bb209532cfa75917b314e81e9
194,144,2024-03-10,,,,,2026-07-05 10:26:12.060826,9d785aba0a29e05dae3c586bdb8b9b70
194,145,2024-01-24,1961-12-20,1961-12-20,,,2026-07-05 10:26:28.552425,8a8dc58909e369d09a361e23fbea88ae
194,146,2024-11-20,,,,,2026-07-05 10:26:46.282607,92e5ca224ef387d8fe2b759406d56021
194,147,2025-11-13,1962-06-14,,,,2026-07-05 10:27:03.178413,4569757fe90aad24c96f30272ba1201c
194,152,2024-09-10,1970-02-27,1970-02-27,,,2026-07-05 10:27:19.776455,19960f97954ff36cb8b3c36261ae3286
194,154,2025-09-01,,,,,2026-07-05 10:27:35.936616,d98af8fab341af393683233905b69cda
194,21,2025-08-11,,,,,2026-07-05 10:13:45.739468,0736f87238e84f83dd929fd4c946ff3d
194,28,,,,,,2026-07-05 10:13:50.956860,1a1086d4ada84f812d634dc9af45a844
194,29,2025-11-19,,,,,2026-07-05 10:14:09.277439,78d78bd943b9955b2e2b8aa60bbbc869
194,40,2023-09-28,,,,,2026-07-05 10:14:27.561080,20291d507b9d57e1a3c1df7590d1972d
194,42,,,1951-01-25,,,2026-07-05 10:14:43.181235,20291d507b9d57e1a3c1df7590d1972d
194,45,2025-12-21,,,,,2026-07-05 10:15:04.318249,b38d4ebedb8276ab5d894268e3e71633
194,47,2025-09-21,1956-03-02,1956-03-02,,,2026-07-05 10:15:22.947627,2a3df00a835a25984c97752b614c2753
194,49,2026-03-11,,,,,2026-07-05 10:15:38.482255,c58b9233a7aabd110bcef36f82ce447d
194,56,2025-01-01,1949-01-30,,,,2026-07-05 10:15:55.076351,28a5eb94e2119afeae14a8cb4d3c0958
194,58,2025-08-07,2000-12-12,2000-12-12,,,2026-07-05 10:16:10.476996,185c622fff49487a28f424926c38b003
194,61,2025-08-04,2008-02-04,2008-02-04,,,2026-07-05 10:16:26.666792,7079c37dbe406a1b63a4db538145c6c3
194,63,2025-01-06,,,,,2026-07-05 10:17:05.883349,d203291815f41af604372dab13c08d79
194,65,2025-11-26,2011-09-27,2011-01-18,,,2026-07-05 10:17:21.807735,4ecc27bc6c7d4e151d576ae4026e8f83
194,67,2025-03-02,,,,,2026-07-05 10:17:38.207214,a575abbcb54340cf86de6114fa986a43
194,71,2025-01-13,,,,,2026-07-05 10:17:53.779759,44115cfdbf999d16c4115c2b8446e48a
194,74,2025-05-05,,,,,2026-07-05 10:18:10.338863,f8bfee9c1415ef3ddd63c216e62f8f84
194,75,2025-03-04,2016-02-18,2016-02-17,,,2026-07-05 10:18:27.084057,ae66835824c5786976cb318734a3faec
194,77,2024-02-21,2005-06-28,2005-06-28,,,2026-07-05 10:18:44.137700,53c8b6bb7ddb1e50ded0ebaa8ccd8a5a
194,80,2025-01-30,2011-05-08,2011-05-08,,,2026-07-05 10:18:58.880059,c5cf90a52c8df7b9e54d3a5a8679a089
194,82,2025-10-20,,,,,2026-07-05 10:19:16.066082,5cb574e0ffc7528680c58919ba0feb03
194,84,2025-10-20,2000-05-02,2009-01-17,,,2026-07-05 10:19:35.596904,2c97720e6604b8daf02562af9da65165
194,85,2024-05-08,2013-10-02,2014-10-22,,,2026-07-05 10:19:50.827608,bdbf99286e88619899231aba8b5b7808
194,87,2025-12-09,2005-11-23,2006-01-29,,,2026-07-05 10:20:11.877308,d29de904a3881f7598a018aa2a1dca4a
194,89,2025-03-03,,,,,2026-07-05 10:20:27.674116,0ccdd86d795f746fd2b740aac847eb64
194,99,2026-01-08,,,,,2026-07-05 10:20:44.410468,f4da98542da801f01709c2f7ea8f6ccc
195,12,2026-05-13,2001-09-30,2001-09-30,,,2026-07-05 10:27:53.966695,be4898080d9985a6e1cef8fc51d39326
195,21,2022-05-18,2022-01-10,2021-01-03,,,2026-07-05 10:28:13.108402,f4552a53d9d5e245e9d65be984439c44
195,23,,2000-09-03,2000-09-03,,,2026-07-05 10:28:29.050499,f4552a53d9d5e245e9d65be984439c44
195,24,2026-05-18,,,,,2026-07-05 10:28:47.334995,f2c1a10064ea2f5ae8fd7d75e2f8aae5
195,25,2026-03-16,,,,,2026-07-05 10:29:05.514373,89a73439888c383ae8bd436f0b74fab2
195,27,2025-06-16,,,,,2026-07-05 10:29:22.586516,6c0c63829d359f2027c6f9a0dc4bc450
195,30,2025-07-06,,,,,2026-07-05 10:29:40.711833,401d1a6cc69102b7437ce55d3dba2a89
195,39,2021-01-27,,,,,2026-07-05 10:29:58.257751,a5c8a1715d14327e578129fd1b95cbb6
195,41,2025-02-18,1954-10-13,,,,2026-07-05 10:30:33.932960,3167678147d471c9e021924dc53d96ae
195,48,2025-04-10,,,,,2026-07-05 10:30:48.526280,7326db8de727c61fa88dc25abc6b1806
195,52,2025-04-23,2000-09-19,2000-09-19,,,2026-07-05 10:31:03.154203,94250d768b658d2f2af91498d7be3bfd
196,14,2025-03-09,2003-10-07,2003-10-07,,,2026-07-05 10:31:21.107555,108bc820c5956ebdda800a2adc3a64b2
196,23,2024-02-29,,,,,2026-07-05 10:31:56.937094,c06a8b12d21cde2b3abd76ac819aafce
196,25,2026-03-08,,,,,2026-07-05 10:32:11.714629,df8e68b5b2eddcde47d0cd5faf99ed04
196,35,2026-04-17,,,,,2026-07-05 10:32:28.205735,a5c116cf937238a7dba27b16b5106d5a
196,38,2024-08-04,,,,,2026-07-05 10:32:44.360121,6a5c606fcbca702a40850604dee9cdcd
196,40,2025-07-13,,,,,2026-07-05 10:33:02.583323,3388c28c631f082ae191568069cdf12c
196,42,2026-05-18,,,,,2026-07-05 10:33:16.589455,f2c1a10064ea2f5ae8fd7d75e2f8aae5
196,44,2026-03-16,,,,,2026-07-05 10:33:30.463442,89a73439888c383ae8bd436f0b74fab2
196,46,2026-05-04,,,,,2026-07-05 10:33:49.392232,ee1e4272886449f97f0f8627aa3e2d13
196,53,2026-05-21,2005-06-15,2005-06-15,,,2026-07-05 10:34:05.793700,333295286e4a7770f21b6b15a1ffa275
196,56,2026-03-12,,,,,2026-07-05 10:34:22.620094,8e2d8165190965bc13df7eac4e4991c3
196,58,2026-03-19,,,,,2026-07-05 10:34:39.503451,2be6c0b08d95dddf07762b4672a92d8a
196,69,2025-11-12,2002-03-24,2002-03-24,,,2026-07-05 10:34:55.227509,b7c2a4ea3265f2256fa09ca406c20646
196,78,2025-11-30,1955-05-18,1955-05-18,,,2026-07-05 10:35:10.954828,a6611d2b1899ebd2832a68ab1cbc09fb
196,80,2024-09-30,,,,,2026-07-05 10:35:25.882901,a6611d2b1899ebd2832a68ab1cbc09fb
196,82,,,,,,2026-07-05 10:35:56.140710,b5ae9527266d85073989bbf979c91e8c
196,85,2025-03-10,,,,,2026-07-05 10:36:11.583099,d0ac904bcd13aca3da96d1337708d59b
196,95,2024-05-26,,,,,2026-07-05 10:36:47.262830,f3aa852e8c6c0a927d2e0d9bc978bd3f
196,97,2024-04-02,,,,,2026-07-05 10:37:03.402506,e922227ec86ddb83a5c96a81502edd2d
197,101,2025-03-31,,,,,2026-07-05 10:44:25.017910,f310d13d9efc3b9b00fc64e82fea041c
197,21,2026-04-19,2003-05-20,2003-05-20,,,2026-07-05 10:37:20.665800,af10b0aad690560f6f8603ebbdd18613
197,25,2026-04-21,,,,,2026-07-05 10:37:35.738139,b71be385dd2cc4359deca1f8089ba72b
197,27,2025-08-27,,,,,2026-07-05 10:37:51.720393,321d106bb367f8433e73952fc2b391af
197,31,,2011-12-20,2011-12-05,,2012-12-03,2026-07-05 10:38:08.253332,4621ca32836b50edd1eac9af5d0a2164
197,33,2026-03-05,,,,,2026-07-05 10:38:22.867680,4621ca32836b50edd1eac9af5d0a2164
197,42,2026-05-03,2009-08-24,2009-08-24,,,2026-07-05 10:38:37.036995,250b03583e359e613e2bff6a44b1b32e
197,46,2025-11-18,,,,,2026-07-05 10:38:54.256221,6518bb27ff40ae153998a0409dc9825b
197,55,,,,,,2026-07-05 10:39:24.663034,4e1d6f656a5f417a64a9a4d37a2e2b05
197,56,2026-03-19,,,,,2026-07-05 10:39:39.934868,2be6c0b08d95dddf07762b4672a92d8a
197,57,,,,,,2026-07-05 10:39:51.230981,4e1d6f656a5f417a64a9a4d37a2e2b05
197,58,2025-01-22,,,,,2026-07-05 10:40:06.541126,712c98efc5d4b0657769688a4b81317c
197,59,2018-06-10,2019-11-10,2019-10-28,,,2026-07-05 10:40:21.130149,4e1d6f656a5f417a64a9a4d37a2e2b05
197,60,2025-02-09,2008-06-17,2008-06-15,,,2026-07-05 10:40:36.188787,07bf5eab69f80f956350e2855a28c23f
197,61,2026-06-02,,,,,2026-07-05 10:40:50.153570,4d7c12742a68b4aa1981284b22909a7b
197,62,2025-02-09,2009-07-07,2009-06-29,,,2026-07-05 10:41:05.750228,864d73f47e80e8db755cd7eb2f6feb49
197,72,2024-12-09,,,,,2026-07-05 10:41:21.506313,66ed66be0b6b0b3e0d485272fa2384a8
197,74,2024-12-22,,,,,2026-07-05 10:41:36.389746,9bfb2e67b30d0f3b2966a030260a1782
197,76,2025-01-30,,,,,2026-07-05 10:41:52.364359,5bc486ef91f58a3dda1b1c002317a5ce
197,78,2025-02-27,,,,2026-03-25,2026-07-05 10:42:08.098596,e71a5dd9ab623a8c945ddbaa5480ded1
197,82,2024-01-01,1998-07-22,1998-07-22,,,2026-07-05 10:42:23.563099,f903d56f5ac2b57c6bdbad497ff4b890
197,88,2026-04-13,,,,,2026-07-05 10:43:00.600680,e719f5b4f06ca2d27621afb96372a4c4
197,90,2025-09-07,2015-06-07,2015-10-15,,2016-03-20,2026-07-05 10:43:17.354512,f3754aed541a6367887ba02343eb7d24
197,92,2025-09-07,2017-08-03,2017-07-31,,2018-05-17,2026-07-05 10:43:33.495847,301ca2aaf8a84bc4cd3cda613714737d
197,93,2025-10-24,,,,,2026-07-05 10:43:49.651695,e5cb4d3e6e7c99856ef612133b6d8cee
197,97,2025-07-17,,,,,2026-07-05 10:44:06.333963,ac8fb57d160185daaeb632800ed8cb2c
198,1,,,,,,2026-07-05 10:44:37.806965,b5ae9527266d85073989bbf979c91e8c
198,10,2026-05-24,,,,,2026-07-05 10:45:09.277422,021c4dbe725383bdfafd94f012eb2f50
198,11,2025-02-03,1983-09-30,1983-09-30,,,2026-07-05 10:45:25.614022,cb37df734d502b430655173df1372eda
198,13,2026-02-05,1953-11-13,1959-01-08,,,2026-07-05 10:45:41.132874,cb37df734d502b430655173df1372eda
198,18,2025-05-05,,,,,2026-07-05 10:45:56.701666,12a1a2543de89005a1322e9a305e2e6b
198,2,2024-09-30,,,,,2026-07-05 10:44:53.983606,acf8edecd900a05a5c040de0922c8b5f
198,20,2025-02-18,1980-03-28,1980-01-09,,,2026-07-05 10:46:33.302495,12a1a2543de89005a1322e9a305e2e6b
198,23,2026-04-16,1970-07-10,,,,2026-07-05 10:46:49.476455,5b8554886ced7753dabc1fc4be5aec94
198,25,,2014-12-14,2014-12-14,,,2026-07-05 10:47:05.184911,5b8554886ced7753dabc1fc4be5aec94
198,31,2025-12-03,,,,,2026-07-05 10:47:20.608485,e259fcc3720a49ea60abe8cc52d704c0
198,33,2025-05-13,,,,,2026-07-05 10:47:37.673217,e259fcc3720a49ea60abe8cc52d704c0
199,27,2021-03-02,2019-03-03,2019-02-20,,2022-08-04,2026-07-05 10:48:17.792409,5933f9e8343a775f719478aa2f9ee314
199,29,2021-05-10,2019-12-11,2016-06-01,,2022-10-31,2026-07-05 10:48:34.509177,5933f9e8343a775f719478aa2f9ee314
199,31,2026-06-10,,,,,2026-07-05 10:48:50.365367,284d69e99336d937ddc522442c24d007
199,33,,2005-12-01,2005-12-01,,,2026-07-05 10:49:06.464357,284d69e99336d937ddc522442c24d007
199,35,2024-06-16,,,,,2026-07-05 10:49:24.892433,04773289cc6d2565eb52267b42b6d6ac
199,37,2025-06-12,,,,,2026-07-05 10:49:41.608017,0ff6fea949e68cc129a10e593ddf5d03
199,38,2026-04-23,2009-06-18,2009-06-11,,2009-06-25,2026-07-05 10:49:57.531982,abdc96429b3198054524ab296108850b
199,39,2025-02-25,,,,,2026-07-05 10:50:13.570362,1039506cc2dd0cfd97cf388e117283a7
199,41,,2005-11-07,1994-04-03,,,2026-07-05 10:50:28.957809,1039506cc2dd0cfd97cf388e117283a7
199,46,2026-05-12,1975-10-26,1975-10-26,,,2026-07-05 10:50:44.331575,7d4cf5aa19925cf94d6042479c69ca0f
199,56,2026-06-08,,,,,2026-07-05 10:51:00.118865,680abe932d4e3e356973223ff991129d
199,6,,,,,,2026-07-05 10:47:49.452156,7479aec52a894619d141355c04e2a61e
199,8,,,,,,2026-07-05 10:48:00.712304,7479aec52a894619d141355c04e2a61e
201,1,2025-06-12,,,,,2026-07-05 10:51:16.146216,0ff6fea949e68cc129a10e593ddf5d03
201,10,2026-05-31,,,,,2026-07-05 10:52:42.503257,c7922634558798a3e5d77cd1c6a1fbf2
201,11,2025-11-27,2019-04-18,,,2025-12-17,2026-07-05 10:53:19.551320,882c72c4ce1d2c671a989c4d4ddda21a
201,2,2025-02-25,,,,,2026-07-05 10:51:33.812844,1039506cc2dd0cfd97cf388e117283a7
201,20,2023-08-24,,,,,2026-07-05 10:53:36.211671,e108a520517c020c18786831cffca708
201,4,2017-09-13,,,,,2026-07-05 10:51:50.752643,c0dcad714dd30b5d5e822971d43ff824
201,8,2020-06-03,2020-08-04,2016-05-03,,2022-06-06,2026-07-05 10:52:07.541640,c7922634558798a3e5d77cd1c6a1fbf2
201,9,2025-06-30,2001-08-04,,,,2026-07-05 10:52:23.533265,882c72c4ce1d2c671a989c4d4ddda21a
202,10,2024-04-30,,,,,2026-07-05 10:54:23.358952,016ae7210413a946fdae8d9925281f00
202,100,2025-10-30,,,,,2026-07-05 10:57:23.172347,f2833ce0bd1a42283d313623153c1b6a
202,30,2026-04-19,,,,,2026-07-05 10:54:38.979812,3e667b7c6239e1e333be3902528ea202
202,32,,1984-01-27,1984-01-27,,,2026-07-05 10:54:54.647760,3e667b7c6239e1e333be3902528ea202
202,46,2023-06-20,,,,,2026-07-05 10:55:10.200178,b9bff6d5264150d85a460aea8f6c0faa
202,50,2026-06-08,,,,,2026-07-05 10:55:25.680818,680abe932d4e3e356973223ff991129d
202,52,2025-04-01,,,,,2026-07-05 10:55:41.142409,38b56a775326481d35faca43fe61a740
202,58,2025-12-28,,,,,2026-07-05 10:55:57.155052,367620f26111da23ea47400be54c1dbe
202,64,2025-01-01,1967-09-13,1967-09-13,,,2026-07-05 10:56:13.304879,fb19fd0725619fcb4c4f4ba06b5a7b11
202,8,,,,,,2026-07-05 10:53:47.283250,5605573ce0a634bd9b4ecb9b55a7227a
202,90,2025-09-07,,,,,2026-07-05 10:56:29.274795,60a47d1cd0ab97d387c8296ba8998fe5
202,96,2026-01-06,,,,,2026-07-05 10:56:46.714769,42da69c5e94f492553d209827e5e260f
202,98,2026-01-06,1964-10-07,1964-09-13,,,2026-07-05 10:57:05.455414,8d13e48a8977f343487f27f18d31bfbe
204,18,2024-10-14,,,,,2026-07-05 10:57:38.912763,2ddc7400576ebd9dcc9011fb07dcb851
204,29,,1989-11-30,1989-11-30,,,2026-07-05 10:57:54.552522,9d101b4247d747980e3fda9dbdf99750
204,31,2023-10-09,,,,,2026-07-05 10:58:10.837621,9d101b4247d747980e3fda9dbdf99750
204,35,2025-02-06,,,,,2026-07-05 10:58:27.006421,034cf5dcd9559260680e8b473257fd17
204,62,2025-01-02,,,,,2026-07-05 10:58:43.459798,d1879ae597550f904c7e43d9b8783e5f
205,19,2025-07-29,,,,,2026-07-05 10:58:59.367169,e54f9699149d0a42da3c8cf43b1a9b54
205,21,2025-07-17,,,,,2026-07-05 10:59:15.977521,e54f9699149d0a42da3c8cf43b1a9b54
205,23,2024-09-11,,,,,2026-07-05 10:59:31.706468,31e0a9a2a50b74d027f3d9561f841f14
205,32,2024-09-04,2018-09-13,2018-05-22,,,2026-07-05 10:59:48.868550,fb99c9874ae83cb5543dd4d0472c6d7f
205,34,2025-12-04,,,,,2026-07-05 11:00:05.044749,fb99c9874ae83cb5543dd4d0472c6d7f
206,6,2025-09-25,1971-11-22,,,,2026-07-05 11:00:21.133599,22d83a4ffaa0944da9799f9d0e2b4b9e
207,1,2026-06-08,,,,,2026-07-05 11:00:39.729047,680abe932d4e3e356973223ff991129d
207,36,,,,,,2026-07-05 11:01:06.980004,eb3e8cefcc598d75e4bb5ce13ae38f8a
207,38,2025-08-10,,,,,2026-07-05 11:01:23.490310,eb3e8cefcc598d75e4bb5ce13ae38f8a
207,48,2024-01-07,,,,,2026-07-05 11:01:39.505054,72f8084b16fecab964248fe0b288547d
207,9,,,,,,2026-07-05 11:00:50.408274,1ff0ced4e928fc198f88a8c136ab121f
208,2,2025-02-03,1983-09-30,1983-09-30,,,2026-07-05 11:02:16.495316,cb37df734d502b430655173df1372eda
209,2,,,,,,2026-07-05 11:02:29.832434,1ff0ced4e928fc198f88a8c136ab121f
209,29,2025-02-18,,,,,2026-07-05 11:03:30.240382,65956b39f57e716801778603fdc4bd87
209,3,2023-09-18,2020-11-05,2020-11-03,,2023-11-06,2026-07-05 11:02:46.271186,59e4b9be81d24ad551bbe1f43550f4c4
209,31,2026-03-12,,,,,2026-07-05 11:03:55.789279,99ec53daf83ffb5fa6985435ec7432dc
209,4,,,,,,2026-07-05 11:02:57.041597,1ff0ced4e928fc198f88a8c136ab121f
209,7,2025-11-24,,,,,2026-07-05 11:03:13.951772,f0f1f6844a2eaa067a6c1989ef1cfee4
210,1,2025-03-30,,,,,2026-07-05 11:04:14.140292,ad405665e5c35e4180d6d8d805cdb16b
210,10,2026-04-20,,1991-02-03,,,2026-07-05 11:04:49.482346,fa526d84e27129e340d36e0835a5ddaf
210,12,2026-04-20,1991-02-03,1991-02-03,,,2026-07-05 11:05:05.241076,f614654e740632d543a611b72cff6f42
210,14,2026-04-20,,,,,2026-07-05 11:05:21.969281,ed4a42235f974d2d673752abe32efa88
210,16,2025-04-23,,,,,2026-07-05 11:05:37.710555,adbd75b133cfd520d3c91608764dfd7b
210,18,2025-04-23,,,,,2026-07-05 11:05:54.092172,adbd75b133cfd520d3c91608764dfd7b
210,19,2025-01-28,,,,,2026-07-05 11:06:10.727709,f714b063ce7d165d0ab294e4e1450802
210,21,2024-09-02,,,,,2026-07-05 11:06:26.837266,d43cfd345ca15890baa62d84d88fc7e2
210,3,2025-04-03,,,,,2026-07-05 11:04:31.944790,c657648be6caa02ddfbad32ca84b4e8e
210,34,2026-01-01,,,,,2026-07-05 11:06:50.143005,5b75009eb4a9d1b2dc79405cc9ddbd83
211,5,2024-09-02,,,,,2026-07-05 11:07:07.517981,d43cfd345ca15890baa62d84d88fc7e2
212,1,2025-07-17,,,,,2026-07-05 11:07:26.428854,ac8fb57d160185daaeb632800ed8cb2c
212,10,2023-04-20,,,,,2026-07-05 11:08:09.753758,42e9c121d9e7d6f2256bbda9e3fec5fa
212,11,2025-10-15,,,,,2026-07-05 11:08:18.992485,f877366ca99b83107730ae85d47f54d7
212,12,2023-04-09,,,,,2026-07-05 11:08:28.500922,b58dcc83dca0c8d53768231e27f08ded
212,13,2025-10-15,,,,,2026-07-05 11:08:39.027828,ba639d507fd68c50ec06fef11bfb5b73
212,14,2023-04-09,,,,,2026-07-05 11:08:50.605016,e98c3e2472279783e339b347a55999bc
212,15,2026-04-19,,,,,2026-07-05 11:08:59.741902,edc70015fde7cf70e142c86a85f4b83e
212,17,2026-04-19,,,,,2026-07-05 11:09:10.327634,707e538c5908a84fdd1516ad1fca5abf
212,18,2026-01-04,,,,,2026-07-05 11:09:21.021265,4e2c5f6f34bea27966a492228a346eb8
212,20,2026-01-04,,,,,2026-07-05 11:09:31.513183,b1252f7a1a68e127648316b5b8df591a
212,22,2026-03-16,,,,,2026-07-05 11:09:53.380895,84101745156ce614a8be0c9e6126ee3c
212,24,2026-03-16,,,,,2026-07-05 11:10:13.262356,f8f2335799a6c32c4a0bcd0f5ae5bc94
212,4,2024-06-06,,,,,2026-07-05 11:07:37.847997,d3aebbee15f2bd6b22fb8736c5bfa297
212,6,2024-08-08,,,,,2026-07-05 11:07:48.701520,3fc93ddfa860e7439d1e37d1ed645435
212,8,2023-04-20,,,,,2026-07-05 11:07:59.786940,42e9c121d9e7d6f2256bbda9e3fec5fa
214,34,,,,,,2026-07-05 11:10:24.711190,add4443730384ae72cba83c5b6aae1f0
214,36,2026-02-19,,,,,2026-07-05 11:10:40.721085,16f173b9b92b800a21344633a2cba8c2
214,38,2026-02-19,,,,,2026-07-05 11:10:55.258837,16f173b9b92b800a21344633a2cba8c2
214,40,2026-02-19,,,,,2026-07-05 11:11:09.857526,16f173b9b92b800a21344633a2cba8c2
214,42,2024-11-03,,,,,2026-07-05 11:11:26.733430,bfa209bc87d269725431c742a480bdcb
215,1,,,,,,2026-07-05 11:11:38.736250,add4443730384ae72cba83c5b6aae1f0
215,3,,,,,,2026-07-05 11:11:49.261189,add4443730384ae72cba83c5b6aae1f0
215,5,2019-06-16,2019-09-15,2019-09-02,,2021-07-11,2026-07-05 11:12:06.477957,add4443730384ae72cba83c5b6aae1f0
217,10,,,,,,2026-07-05 11:12:20.012899,9835f6507dbba238382bc7beef7462a3
217,12,,,,,,2026-07-05 11:12:31.229837,9835f6507dbba238382bc7beef7462a3
221,16,2024-11-20,,,,,2026-07-05 11:12:51.988755,a40f72b2a141d9fbb47cfdaa2c5c0168
224,3,,1984-01-27,1984-01-27,,,2026-07-05 11:13:12.669863,3e667b7c6239e1e333be3902528ea202
226,2,2024-12-02,,,,,2026-07-05 11:13:36.914784,c369259950909ae24fe9dfc3263242cc
227,3,2024-12-02,,,,,2026-07-05 11:14:05.580582,c369259950909ae24fe9dfc3263242cc
227,4,2025-01-19,,,,,2026-07-05 11:14:17.769903,99b323a75015524c6f726eae5e755327
227,6,2026-04-27,,,,,2026-07-05 11:14:27.965243,6fb52d8ce1c26f0d16948cfc88702904
228,1,2025-01-13,,,,,2026-07-05 11:14:39.637543,44115cfdbf999d16c4115c2b8446e48a
228,3,2023-08-31,,,,,2026-07-05 11:14:49.693979,f9c1ff0af59cf7bdd173260f118646dc
228,8,2025-04-23,2000-09-19,2000-09-19,,,2026-07-05 11:15:00.423807,94250d768b658d2f2af91498d7be3bfd
229,2,2025-07-02,,,,,2026-07-05 11:15:10.131285,c3a464d14ddd02dff23d26887ba5e30a
229,4,2025-09-25,,,,,2026-07-05 11:15:21.943517,c3a464d14ddd02dff23d26887ba5e30a
230,1,2025-08-04,2008-02-04,2008-02-04,,,2026-07-05 11:15:39.725256,7079c37dbe406a1b63a4db538145c6c3
230,2,2025-01-06,,,,,2026-07-05 11:15:54.253405,d203291815f41af604372dab13c08d79
230,28,2025-01-28,,,,,2026-07-05 11:16:33.280707,f0bf4dfa415ae1cf443d76ac37f7c5b1
230,4,2025-05-28,1992-01-08,1992-01-30,,,2026-07-05 11:16:08.807898,ab83e80ec22cf862ba9a9e5aa103dd04
230,6,2025-05-28,,,,,2026-07-05 11:16:20.471876,97c50af924c698e9ae301e1b32b3641b
232,1,2026-03-12,,,,,2026-07-05 11:16:45.537769,8e2d8165190965bc13df7eac4e4991c3
232,12,2025-02-16,,,,,2026-07-05 11:17:38.093378,fb9ba600babd55e8b9ba1782de729889
232,16,2024-04-16,,,,,2026-07-05 11:17:47.711200,4de18fa3489a048e9047801e7187d60e
232,21,2025-05-14,2019-03-12,2019-03-10,,,2026-07-05 11:17:57.510594,b2189dc1fcfbb340d837e3e99fefc9d7
232,22,2025-01-28,,,,,2026-07-05 11:18:08.449213,f0bf4dfa415ae1cf443d76ac37f7c5b1
232,3,2025-06-29,2016-09-25,2016-09-11,,,2026-07-05 11:17:00.909037,ad1671aaa96b4360becc2da5fc1b65a6
232,5,2025-06-29,,,,,2026-07-05 11:17:17.171488,44c1b21711d7f9f4c2fd80592239863f
232,9,,,,,,2026-07-05 11:17:22.007748,8546ed62c4fae22ad28e712a724b98b9
233,11,2025-02-16,,,,,2026-07-05 11:18:18.415092,fb9ba600babd55e8b9ba1782de729889
233,13,2025-08-14,,,,,2026-07-05 11:18:28.440896,8546ed62c4fae22ad28e712a724b98b9
234,2,2026-05-04,,,,,2026-07-05 11:18:40.413028,ee1e4272886449f97f0f8627aa3e2d13
234,3,2025-06-24,,,,,2026-07-05 11:18:51.184591,7d9428a7af59568d9cabfd6b8a13a6c3
234,8,2026-02-11,,,,,2026-07-05 11:19:05.547274,e7982dd7ac400ce0a6edfdc9dc3a7b63
235,1,2025-06-24,,,,,2026-07-05 11:19:21.200349,7d9428a7af59568d9cabfd6b8a13a6c3
235,5,2024-04-01,,,,,2026-07-05 11:19:36.770372,7a2f60e14500e4c248be17675ba996b0
236,16,2021-10-27,1990-07-29,1990-07-29,,,2026-07-05 11:19:51.666278,d0977fd64e480e465a756cff162aaf09
236,18,2025-03-16,,,,,2026-07-05 11:20:04.183966,d0977fd64e480e465a756cff162aaf09
236,19,,,,,,2026-07-05 11:20:09.650383,3527b5922cc97c8541dc69cd2257670e
236,21,2025-11-18,,,,,2026-07-05 11:20:25.733324,6518bb27ff40ae153998a0409dc9825b
237,15,2025-11-11,1992-02-16,1992-02-16,,,2026-07-05 11:21:14.802804,22b2dc68af37f63485143410121723db
237,17,,1959-10-09,1959-09-20,,,2026-07-05 11:21:24.390943,22b2dc68af37f63485143410121723db
237,20,2026-05-03,2009-08-24,2009-08-24,,,2026-07-05 11:21:34.585317,250b03583e359e613e2bff6a44b1b32e
237,4,2025-12-18,,2011-07-25,,,2026-07-05 11:20:58.978801,57fa8db9d4c285b167d87f62e8a4e0b8
239,10,2026-02-26,,,,,2026-07-05 11:22:05.939108,aa018cf86caf685b56b5b103760ef0f1
239,11,2025-12-24,,,,,2026-07-05 11:22:18.189054,d326f6ae14d1ba4409549d4ffdb026d7
239,5,2025-11-10,,,,,2026-07-05 11:21:44.675611,5e0c60e361011df8cf12f0c3f840c714
239,9,2025-02-18,2001-10-29,2001-10-16,,,2026-07-05 11:21:55.842110,ccdb9d5469848711ff9da65dd9d894ad
240,10,2024-12-19,,,,,2026-07-05 11:23:01.489880,f9a33751f1f7f6422912cb19328e851c
240,15,2026-06-02,,,,,2026-07-05 11:23:20.443086,0ccbb36509ea10a7691385f39ec84946
240,25,2025-12-31,,,,,2026-07-05 11:23:30.713288,2f7f106626c5f626adcfbed4cb2b2c53
240,28,2024-04-17,,,,,2026-07-05 11:23:40.827755,2ece31eab937cd646992ebe6551253cf
240,3,2025-03-24,,,,,2026-07-05 11:22:27.983857,a644d080144b9c76a64e789791225d89
240,5,2025-10-16,,,,,2026-07-05 11:22:38.453552,4e18e1d62e0ea0cdc1302be06aa2b412
240,7,2020-01-05,,,,,2026-07-05 11:22:49.614810,001b23716488caff7a027de0edcbeb95
241,2,2025-09-11,,,,,2026-07-05 11:23:50.003388,4a1d8e62ed9bc8957cdbf8d536c2eb75
241,5,2024-04-17,,,,,2026-07-05 11:24:00.122482,2ece31eab937cd646992ebe6551253cf
241,9,2025-10-09,,,,,2026-07-05 11:24:10.289702,ff1c7f5e1283bf4ec4877815a645fbf5
242,3,2020-01-05,,,,,2026-07-05 11:24:23.282544,001b23716488caff7a027de0edcbeb95
242,6,2025-10-16,,,,,2026-07-05 11:24:32.524870,4e18e1d62e0ea0cdc1302be06aa2b412
243,12,2025-01-09,2009-11-03,2009-11-01,,,2026-07-05 11:25:04.258736,0a3cb892047d24c4c268458ba7bdf744
243,15,2025-08-20,,,,,2026-07-05 11:25:16.732065,4a60eabbef420d3a8502ed63f1a47d50
243,7,2023-03-22,1959-09-22,1959-09-22,,,2026-07-05 11:24:43.262468,ff8b804881795a78cbfb13665765c11e
243,8,2022-02-23,,,,,2026-07-05 11:24:53.562298,27a34b511d7915bf5b3377b982ff9198
244,2,2024-07-18,,,,,2026-07-05 11:25:26.646672,d50013d612c47f5fbf634583f5bbd442
245,1,2026-04-19,2003-05-20,2003-05-20,,,2026-07-05 11:25:37.002264,af10b0aad690560f6f8603ebbdd18613
245,12,2026-05-12,,,,,2026-07-05 11:25:47.280403,248b70a02a580fde88389b0d7235e70e
245,14,2026-02-11,,,,,2026-07-05 11:25:58.544237,fe44f3393ed9e4c0be3223bb4633bb0a
245,17,2025-05-11,2000-06-28,2000-06-28,,,2026-07-05 11:26:09.175588,e99540cf034a08ecf083bf892006505f
245,18,,,,,,2026-07-05 11:26:13.925075,1ac8931a3d8e5f0dd05efce5b830ac54
245,19,2025-05-11,2001-06-27,2001-06-27,,,2026-07-05 11:26:24.738146,81a57c2f5a84283f507f9e3a6e3e9c5d
245,21,2025-05-11,,,,,2026-07-05 11:26:34.468753,1dd070ba629dfd21d5f1e2b659f990e4
245,26,2023-09-27,,,,,2026-07-05 11:26:43.745446,f60fb7786698d35e67cea70f0761d829
246,19,2020-05-25,,,,,2026-07-05 11:26:53.499103,cf535ef295c1d2c8e023fa5c3f4233c1
246,21,2026-02-10,,,,,2026-07-05 11:27:03.589241,cf535ef295c1d2c8e023fa5c3f4233c1
246,23,2026-04-30,,,,,2026-07-05 11:27:16.613932,c7066b6d4eb57a11198a75748babc029
246,24,2026-04-14,,,,2013-04-04,2026-07-05 11:27:27.062959,69cf4ce21a8ab11ac0c4e6d527033c49
246,25,,1986-04-17,1986-04-06,,,2026-07-05 11:27:36.306329,c7066b6d4eb57a11198a75748babc029
247,3,2026-06-28,1981-04-24,,,,2026-07-05 11:27:46.699471,532c2bdb82291939f19464f1fbcfe4e5
247,5,2023-06-18,,,,,2026-07-05 11:27:57.424133,a47f6a044bd72301ca3205f400d8ad34
247,7,,,,,,2026-07-05 11:28:02.536301,a47f6a044bd72301ca3205f400d8ad34
248,16,2026-03-23,,,,,2026-07-05 11:28:12.925670,bdfb94495774bf494c7167ee268265f1
249,14,2025-06-15,,,,,2026-07-05 11:28:23.906972,2f3a56db114a99ddbbeb63a950f232b1
249,22,,,,,,2026-07-05 11:28:33.083748,beccf58b2a577d72e506befd4800c95a
249,24,,,,,,2026-07-05 11:28:41.192328,beccf58b2a577d72e506befd4800c95a
249,26,,,,,,2026-07-05 11:28:50.177221,beccf58b2a577d72e506befd4800c95a
249,28,,,,,,2026-07-05 11:28:58.571622,beccf58b2a577d72e506befd4800c95a
250,10,2026-06-15,,,,,2026-07-05 11:29:46.844422,3671e1ff4b4e4184d65672e42bc0cf15
250,11,2025-12-11,1978-03-13,1978-03-13,,,2026-07-05 11:29:55.822698,955dbff6056d1a80470c933a6d14c7df
250,17,2024-12-09,,,,,2026-07-05 11:30:05.888692,5a1c3d9ae874a23908500168c37ca208
250,23,2024-11-05,1958-11-02,1958-10-12,,,2026-07-05 11:30:19.762288,04b536bd83ac341e94075d742e8183a3
250,27,2024-06-18,1970-01-16,1969-12-10,,,2026-07-05 11:30:30.590845,37a06d92fc035617161ebfa9ef31ab28
250,5,2026-01-05,,,,,2026-07-05 11:29:15.716956,c58f5b23fd9c62235c458baebd39fc2a
250,6,2025-05-08,,,,,2026-07-05 11:29:25.765772,4f3930f82d16041cc009011d9f050b96
250,7,2025-01-22,1989-08-24,1989-08-24,,,2026-07-05 11:29:36.668047,bd00f299f56cb6b32dd3ec54279f4476
251,2,2025-05-08,,,,,2026-07-05 11:30:40.648934,4f3930f82d16041cc009011d9f050b96
252,1,2025-05-29,,,,,2026-07-05 11:30:50.196366,0d69dcd93c148b3c26cd10b418e09d3e
252,3,2025-05-29,,,,,2026-07-05 11:31:00.649876,0d69dcd93c148b3c26cd10b418e09d3e
254,6,2023-06-20,,,,2023-11-12,2026-07-05 11:31:12.845047,80f16498bf70e9e1ce9b7d5492368995
255,3,2026-04-13,,,,,2026-07-05 11:31:23.585778,efad2c8e10bdea887a984a289b38848f
255,4,2025-05-15,2004-11-03,2004-11-03,,,2026-07-05 11:31:32.955730,012898de6a0bf20104e19dd3566811fb
256,3,2025-09-04,,,,,2026-07-05 11:31:42.415028,650c288729865bc6a37e007b19c0a614
258,16,,,,,,2026-07-05 11:32:10.509755,efaf8c1b8740977347b2433389dfabe7
258,18,2025-01-30,,,,,2026-07-05 11:32:21.175451,a041292f41017352b180c3ea7b26c4da
258,20,2025-10-23,,,,,2026-07-05 11:32:31.502466,441feda679764ce29006060dd7546ad7
258,27,2025-11-18,,,,,2026-07-05 11:32:42.107635,1a1086d4ada84f812d634dc9af45a844
258,6,2017-11-29,,,,,2026-07-05 11:31:52.553718,0971735fa5b2db5334a1bb3dbba71317
258,8,2026-05-17,,,,,2026-07-05 11:32:01.974453,b91d5b8d6f366bd438ef1e1228b57dc1
259,2,2025-10-23,,,,,2026-07-05 11:32:52.095521,441feda679764ce29006060dd7546ad7
260,17,2025-07-21,,,,,2026-07-05 11:33:03.068971,91fb3b633dcb6cc3a538a858c2720373
260,20,2026-01-20,2002-05-19,2002-05-19,,,2026-07-05 11:33:17.605754,b7bbb875d85d5e804f18acf4aea8bc1d
260,22,2026-04-01,,,,,2026-07-05 11:33:28.979936,315160f060d2732716269d398d5b03bf
260,23,2025-03-20,2020-08-19,2020-06-25,,,2026-07-05 11:33:38.309190,9d962795e61eb7fde7307689e88da92a
261,10,2025-09-30,,,,,2026-07-05 11:34:08.590039,330459c4b38164c7af8ecce740657b0a
261,12,2025-09-30,,,,,2026-07-05 11:34:17.902675,1248effd47837f04c412e0d1f4e2b03e
261,18,2025-10-19,,,,,2026-07-05 11:34:29.013497,8e575be32c9fac043f3537ffd926c08f
261,21,2026-04-12,,,,,2026-07-05 11:34:38.379802,364571a7e280e7cf000a9b8fdee46ac1
261,23,2026-02-25,,,,,2026-07-05 11:34:47.868716,bc3eaf451ccaa86db58af0933aeab512
261,25,2025-10-29,,,,,2026-07-05 11:34:59.154625,ef5e05f73a928cd7acfb3ac92dbca327
261,26,2026-03-11,,,,,2026-07-05 11:35:08.412125,c58b9233a7aabd110bcef36f82ce447d
261,27,2024-06-02,,,,,2026-07-05 11:35:18.174244,d85b79b1066d4ba9d07d24f5be07f39c
261,28,2025-01-01,,,,,2026-07-05 11:35:29.401426,4286b4b61b2d9d74384720229a5544ec
261,31,2025-09-21,1956-03-02,1956-03-02,,,2026-07-05 11:35:40.092942,2a3df00a835a25984c97752b614c2753
261,37,2026-03-18,,,,,2026-07-05 11:35:49.064095,2a2d7b49c542a2665f676628aa56e52e
261,39,2025-03-11,,,,,2026-07-05 11:35:59.123598,b07cc53e7e2594d2ff24ae27322d38be
261,7,2026-03-30,,,,,2026-07-05 11:33:48.226070,4338dd144b1ca18da97a4dfb09f5a676
261,8,2025-05-12,,,,,2026-07-05 11:33:58.442453,5f205ad6ab0fc2144c4c6ea8923e63c5
263,2,2025-10-19,,,,,2026-07-05 11:36:14.076368,8e575be32c9fac043f3537ffd926c08f
263,3,2025-09-30,,,,,2026-07-05 11:36:24.450772,5b063c88ef6883e8f27d298bc2853863
263,5,2026-04-14,,,,,2026-07-05 11:36:34.569727,6e6df77d26391581b4240b3a1d7d3f40
264,1,2025-02-13,,,,,2026-07-05 11:36:44.016720,66b7c48238ad607a42fd612531d7dd44
264,2,2024-05-21,,,,,2026-07-05 11:36:56.301993,547b0e96aaa040232de97811e5559fb4
264,3,2025-02-13,,,,,2026-07-05 11:37:07.944918,554f59925b95bdb692ee39d60e74290c
264,4,2026-02-03,,,,,2026-07-05 11:37:18.727377,82a4a875362e3910b89ad531d059a29b
264,5,2024-07-16,1977-04-29,1977-04-25,,,2026-07-05 11:37:29.083903,ca62c785be7ba807465e7cb0789856c0
264,8,2024-05-12,1998-04-05,1998-04-05,,,2026-07-05 11:37:40.691772,f9ae4228dd882a69af300f1dde7406ac
264,9,2025-04-01,,,,,2026-07-05 11:37:50.242781,7087b45167235e7b33189f905ee08194
265,11,2026-06-16,,,,,2026-07-05 11:38:20.266187,305d1881ec1b58f17c7c94cfa8e7034c
265,22,2022-06-02,2019-06-17,2019-06-17,,2022-11-27,2026-07-05 11:38:31.543652,30b9d509240e3f374d654eb87483819f
265,5,2025-02-13,,,,,2026-07-05 11:37:59.521873,66b7c48238ad607a42fd612531d7dd44
265,7,2024-05-21,,,,,2026-07-05 11:38:08.994561,547b0e96aaa040232de97811e5559fb4
266,19,2026-02-26,,,,,2026-07-05 11:39:26.128366,aa018cf86caf685b56b5b103760ef0f1
266,20,,,,,,2026-07-05 11:39:37.814005,3f718cd048ca612ea4521312feae6f19
266,21,2025-12-24,,,,,2026-07-05 11:39:50.281126,d326f6ae14d1ba4409549d4ffdb026d7
266,23,2025-07-07,,,,,2026-07-05 11:40:00.820999,bc37503bf1bf4a23a3fc15734278dace
266,24,2025-05-26,,,,,2026-07-05 11:40:11.112182,ae231185765690a40e3159908f0bb891
266,25,2025-01-30,2011-05-08,2011-05-08,,,2026-07-05 11:40:20.606121,c5cf90a52c8df7b9e54d3a5a8679a089
266,26,2025-12-21,,,,,2026-07-05 11:40:31.502658,50ef80f3f6affa51c051c22fcb43be58
266,28,2025-11-30,,,,,2026-07-05 11:40:43.715315,50ef80f3f6affa51c051c22fcb43be58
266,30,2025-10-20,,,,,2026-07-05 11:40:56.960736,5cb574e0ffc7528680c58919ba0feb03
266,6,2025-01-21,2006-05-02,2006-03-27,,,2026-07-05 11:38:43.749153,cf6231e96701ee2cc6e1784b6a53d5c5
266,7,2026-06-22,,,,,2026-07-05 11:38:56.788779,e3df149f07f78463806499b596c16e9c
266,9,2026-05-05,2017-02-23,,,,2026-07-05 11:39:10.503032,4937e1fd67d626ff72684cd3294abb08
268,6,2025-07-17,2002-02-20,2002-02-20,,,2026-07-05 11:41:09.404828,2724fd344ce48ccbbb41fff03f9397a5
269,1,2026-05-03,,,,,2026-07-05 11:41:19.329409,a6798f5b6cf4f37e296ac9bc7f4b8392
270,10,2025-05-25,,,,,2026-07-05 11:41:38.248280,c289863b44754b65abbbbe3f3e800cee
270,14,2023-04-18,2020-09-10,2020-09-10,,2023-10-25,2026-07-05 11:41:49.713423,7044f48ab95f6d82f5b5f6c87a302d80
270,3,2026-05-05,,,,,2026-07-05 11:41:28.955165,344237a178ff08026ea0dd161e039d9e
271,3,2025-11-24,,,,,2026-07-05 11:41:59.759320,2bc9348c26bfbe166a90f16aabcbaf6a
272,1,2025-04-24,,1976-11-08,,,2026-07-05 11:42:10.414892,cf12791e2b3b1048fc961831b754ade2
272,11,2023-04-18,2020-09-10,2020-09-10,,2023-10-25,2026-07-05 11:42:22.817648,7044f48ab95f6d82f5b5f6c87a302d80
274,10,2026-05-03,,,,,2026-07-05 11:42:32.420946,a6798f5b6cf4f37e296ac9bc7f4b8392
275,15,2026-05-03,,,,,2026-07-05 11:42:50.693392,a6798f5b6cf4f37e296ac9bc7f4b8392
275,7,2025-12-11,,,,,2026-07-05 11:42:41.394506,5781f479699b2a751ea02a7553874c4d
276,17,2025-11-16,,,,,2026-07-05 11:43:17.151700,dfc43502aef5bc7e651b1f7d068de83b
276,8,2026-05-27,1949-09-30,1949-09-30,,,2026-07-05 11:43:00.556051,eede36a348bb120657239d815b157e86
278,5,2026-02-23,,,,,2026-07-05 11:43:27.579274,c937fa074a7d16fd5f352b4d9a295982
278,6,2025-05-20,1998-05-07,1998-05-07,,,2026-07-05 11:43:36.702289,f962b29e14bf9c5fed14fa1dd68a9eb2
279,12,2026-06-18,,,,,2026-07-05 11:43:46.783492,1c7765bdd8bcf0f952bd16c3bbb2c453
279,14,2023-06-01,,,,,2026-07-05 11:43:57.241588,11d5b2c854ed4a8f826a51224d8ceb77
280,13,2019-10-06,2020-05-18,2020-05-13,,,2026-07-05 11:44:08.711156,91ae7300ca92789a905ccc8e761cc663
280,15,2026-05-24,2016-08-10,2016-08-10,,,2026-07-05 11:44:17.682365,91ae7300ca92789a905ccc8e761cc663
281,14,2026-06-24,2000-09-05,2000-09-05,,,2026-07-05 11:44:28.103954,7ac72ff5b4a7653e88c69738a5601def
281,16,,1974-12-06,1974-12-06,,,2026-07-05 11:44:38.520070,7ac72ff5b4a7653e88c69738a5601def
281,18,2026-06-24,1993-04-13,1993-04-13,,,2026-07-05 11:44:48.540157,0c09a081ad2072174cdf34b51742ee86
281,20,,1989-12-29,1989-12-27,,,2026-07-05 11:44:58.351428,0c09a081ad2072174cdf34b51742ee86
282,19,,1991-01-31,1991-01-31,,,2026-07-05 11:45:16.626846,a8b65560ae3cb056bb98368b620ca14c
282,21,2025-02-03,,,,,2026-07-05 11:45:25.742175,a8b65560ae3cb056bb98368b620ca14c
282,9,2025-11-13,1992-12-09,1992-12-09,,,2026-07-05 11:45:08.053105,7ee0add08cef4974a92505fd29eee4e2
283,1,,2018-06-05,,,,2026-07-05 11:45:35.221163,979a5c6952bdd1d430869a6820e634e0
284,4,2024-12-12,,,,,2026-07-05 11:45:44.625979,44e40e518304bc0dbeb9b31d38b64be4
284,5,,1973-09-12,1973-09-05,,,2026-07-05 11:45:54.229624,61f30454a018caaf65ac1ec7ff31c443
284,7,2026-04-28,,,,,2026-07-05 11:46:04.454304,61f30454a018caaf65ac1ec7ff31c443
286,12,2020-10-11,,,,,2026-07-05 11:46:27.670142,5240d794971dbe435375a3c12d044989
286,7,2023-10-19,,,,,2026-07-05 11:46:18.344758,2c6884ab46ffc5f984334bf9e6079a7e
287,12,2025-03-04,,,,,2026-07-05 11:46:46.867476,2ae7150acbbe03d42a260855c686e646
287,14,2023-09-14,2020-08-13,2020-06-25,,2024-01-16,2026-07-05 11:46:56.287874,0ef8a8baa3e442791bfe7eb951b6f856
287,4,2023-10-19,,,,,2026-07-05 11:46:37.331748,2c6884ab46ffc5f984334bf9e6079a7e
289,2,,,,,,2026-07-05 11:47:06.746592,88864e657540866d8179ac690763b986
289,4,2025-06-30,,,,,2026-07-05 11:47:16.616322,82378708585776b95b068213aa15856a
289,6,2026-05-17,,,,,2026-07-05 11:47:25.894836,5fcf6364b4ff8f49bbcce4167846d674
290,11,2026-01-14,1961-12-24,1961-12-24,,,2026-07-05 11:47:57.383421,88e5ce0ae4b2dfc8d95309ce6d4b1cb6
290,12,2024-05-20,,,,,2026-07-05 11:48:07.486474,9a80033ef7173877ba3467cc5366037b
291,14,2025-08-05,,,,,2026-07-05 11:48:16.713601,356f13a03775224a1826befa8544b8ab
293,13,2026-05-01,,,,,2026-07-05 11:48:47.536025,63175a3a9c8ea34c05e4100523c665d3
293,2,2025-02-03,,,,,2026-07-05 11:48:26.529114,ad9aa1f1ffd2904357303926024ca042
293,4,,,1936-06-22,,,2026-07-05 11:48:36.362140,ad9aa1f1ffd2904357303926024ca042
296,26,2026-06-01,,,,,2026-07-05 11:48:58.311083,a69b5e520ce7934daffc5078117dd3a5
296,28,,,,,,2026-07-05 11:49:08.735005,a69b5e520ce7934daffc5078117dd3a5
297,14,2025-04-10,,,,,2026-07-05 11:49:26.445686,91bec9037af9413f066ad1510ef5152c
297,7,2025-02-03,,,,,2026-07-05 11:49:17.597379,ad9aa1f1ffd2904357303926024ca042
298,7,2025-02-09,,,,,2026-07-05 11:49:35.749047,8718d9da097e96570fbcf08f438f0cb6
303,5,2024-11-13,,,,,2026-07-05 11:49:44.788742,b368e167670e6e150f985af88cd26417
304,10,,,,,,2026-07-05 11:50:03.967695,334c68f258db780e989f15bdde69c0d4
304,11,,,,,,2026-07-05 11:50:12.247747,334c68f258db780e989f15bdde69c0d4
304,13,2024-10-13,,,,,2026-07-05 11:50:23.069798,334c68f258db780e989f15bdde69c0d4
304,9,,,,,,2026-07-05 11:49:53.778409,334c68f258db780e989f15bdde69c0d4
309,7,2025-05-05,,1986-12-07,,,2026-07-05 11:50:32.630645,43ae938a04e41027de4464fb82905a7b
311,13,2025-05-05,,1986-12-07,,,2026-07-05 11:50:43.162777,43ae938a04e41027de4464fb82905a7b
311,15,2025-05-05,,1986-12-07,,,2026-07-05 11:50:52.760837,43ae938a04e41027de4464fb82905a7b
315,5,2025-07-28,,,,,2026-07-05 11:51:02.603997,e0899a338d01605a2cb22d28780d51ea
315,6,2018-01-29,,,,,2026-07-05 11:51:11.938088,8c7e4a05d1f40dd5585b8fa982170a51
318,3,2024-07-30,,,,,2026-07-05 11:51:22.356694,7c9ce1528b502cef161cd18acae61088
321,9,2025-12-28,1988-12-14,1988-12-14,,,2026-07-05 11:51:32.131977,c70e30d2cd332a94b51459f6e14071ca
323,45,2025-02-09,2020-12-10,2020-12-06,,2025-02-13,2026-07-05 11:51:42.231953,6cd6464e54b0decff0e604a5344ed0ea
323,47,2024-08-18,,,,,2026-07-05 11:51:52.308780,d6ba70641b71c46950b1ca96befec8ca
323,57,2025-01-02,,,,,2026-07-05 11:52:02.954965,d1879ae597550f904c7e43d9b8783e5f
325,5,2025-12-03,1997-01-22,1997-01-06,,,2026-07-05 11:52:12.201788,f59266a395989d8fb26495bbe44e30c3
325,6,2025-05-05,,,,,2026-07-05 11:52:22.151336,052efec6d4cc5bb48f08d66446eba294
325,7,2026-06-25,,,,,2026-07-05 11:52:31.101122,31c1131f9a46cdf056e113833ceec36e
326,6,2024-12-25,,,,,2026-07-05 11:52:41.612570,4c0959a5757b197403a1afeac58397ec
326,8,2025-09-08,,,,,2026-07-05 11:52:51.474396,4d9d403ddf9517a44405cfff1e1e86dd
328,23,2025-05-22,2000-02-06,2000-11-09,,,2026-07-05 11:53:02.260672,388712ef86cd569a9c76cc9aab4a23b5
329,8,,,,,,2026-07-05 11:53:10.329718,e779410b17c02ad9eebefc40d195ff58
330,15,2026-05-11,,,,,2026-07-05 11:53:30.728839,5cdd8718a753dd99e63f17c645de6f19
330,4,2024-05-22,2016-01-20,2016-07-05,,,2026-07-05 11:53:19.934436,1162d72d6062a22ee73a08ef29dd00c1
334,12,2026-02-19,,,,,2026-07-05 11:53:50.912173,9a97ae44efc9299ff4d2ff6ea39e1860
334,3,2026-05-31,,,,,2026-07-05 11:53:39.965196,0c178bb1d095ee7aa93de9c57b48bd0d
335,2,2026-05-31,,,,,2026-07-05 11:54:00.292231,0c178bb1d095ee7aa93de9c57b48bd0d
337,13,2026-03-23,,,,,2026-07-05 11:54:19.826313,b571d8341117fc802d2d315faffbf088
337,37,2025-12-24,,,,,2026-07-05 11:54:34.424064,66dda5f743cd7c374deb1d9b70c7c97d
339,5,2026-06-17,2017-12-21,2017-10-16,,,2026-07-05 11:54:56.354155,66bfb8282a6338ad9755a05594ad1440
340,10,2025-10-22,1988-06-09,,,,2026-07-05 11:55:07.468261,a978ae30309426276f87e27c3eadccdf
342,13,2023-04-04,,,,,2026-07-05 11:55:18.738277,17aaf6b0cd5519b7294c66658e8e2dd0
346,7,2026-01-14,,,,,2026-07-05 11:55:28.349963,2fa5d980a1bf989b656642e19bde12b1
348,3,2023-06-05,,,,,2026-07-05 11:55:37.928846,d2525cc48fca3fdf0d016f28a4e42664
348,9,2023-09-19,,,,,2026-07-05 11:55:48.159805,3e27116694fc3e39784749a7be8decf2
349,1,2025-02-26,,,,,2026-07-05 11:55:58.793035,43ea8298cf46807339c53c6e39912b05
350,13,2025-02-26,,,,,2026-07-05 11:56:15.500756,43ea8298cf46807339c53c6e39912b05
350,22,2025-05-11,,,,,2026-07-05 11:56:24.390039,7ee0add08cef4974a92505fd29eee4e2
352,2,2019-12-15,2013-04-25,2012-12-12,,2022-07-11,2026-07-05 11:56:34.429106,0fe2070e581b81fec62adea21b2259f6
352,4,2024-09-01,,,,,2026-07-05 11:56:43.810857,0fe2070e581b81fec62adea21b2259f6
354,11,2026-02-08,1969-04-22,,,,2026-07-05 11:57:06.051196,957bd2c7a379ed336704ced9e52de26f
354,4,2026-04-15,,,,,2026-07-05 11:56:55.677507,bfeb02eff6f7d222ae54b19950e2d397
359,11,2026-06-02,,,,,2026-07-05 11:57:29.343820,87065932d8b94d31006c831923781e5e
359,6,2026-05-24,,,,,2026-07-05 11:57:19.442800,f3f53718bc713818c435f1bf005efa43
361,10,2026-01-25,,,,,2026-07-05 11:57:39.176768,8812d0e8fb3078d9613991fbf5cc2660
361,13,2025-12-16,,,,,2026-07-05 11:57:48.352803,31fecc4b3ecdadd99f6fa89b88877b2e
361,16,2025-10-29,,,,,2026-07-05 11:57:58.650282,faa46ce68fa10e4a4e4cbd948f97f8f2
361,26,2025-05-11,2002-08-14,,,,2026-07-05 11:58:08.786847,b0c4b9aa21ad147d9836c9d476aa5f9d
361,37,2025-10-21,,,,,2026-07-05 11:58:18.648843,20e88ff4ff24bd4007397a843469e551
361,52,2025-12-08,2021-02-23,2021-02-22,,,2026-07-05 11:58:30.226742,15f2c2f9da96ff53a8ffc7655b0e690b
361,55,2025-06-29,,,,,2026-07-05 11:58:39.920682,d024a3545a18f2f31a78dd2abdf61dc1
361,59,2025-04-16,,,,,2026-07-05 11:58:48.987209,499a618fac2b5a59c965587d888802d5
361,70,2025-05-11,,,,,2026-07-05 11:58:58.781305,7ee0add08cef4974a92505fd29eee4e2
362,8,2021-01-07,,,,,2026-07-05 11:59:08.066303,43f66612c5f8305265872456932e250c
363,21,2025-01-03,,,,,2026-07-05 11:59:19.326418,f7861555f9a541d53f8fc42c72103555
365,6,2025-11-27,,,,,2026-07-05 11:59:29.226333,6e41825524fb3b7b4b7f226bc73a0fc4
368,16,2026-01-28,,,,,2026-07-05 11:59:38.711562,a7c14488504d144875977b3579b61af8
368,18,,,,,,2026-07-05 11:59:49.775489,a7c14488504d144875977b3579b61af8
368,34,,,,,,2026-07-05 11:59:58.470485,beccf58b2a577d72e506befd4800c95a
368,36,,,,,,2026-07-05 12:00:06.314498,beccf58b2a577d72e506befd4800c95a
368,38,,,,,,2026-07-05 12:00:15.956311,beccf58b2a577d72e506befd4800c95a
368,40,,,,,,2026-07-05 12:00:24.595667,beccf58b2a577d72e506befd4800c95a
370,13,2026-01-19,,,,,2026-07-05 12:00:52.587097,fb1ed58f7fa8ffcee45ca25cb92f252f
370,4,2026-06-14,,,,,2026-07-05 12:00:34.212790,c86081c264f8a6e96a6f01239b4e2a04
370,6,,,,,,2026-07-05 12:00:42.436803,bd5d3295787390c38dd6f4fedf260bbf
371,11,2025-03-12,,,,,2026-07-05 12:01:02.257578,9abe1072151943dddd715908fd92f46d
371,13,,1962-05-10,1962-05-10,,,2026-07-05 12:01:13.705124,9abe1072151943dddd715908fd92f46d
372,5,2026-03-19,,,,,2026-07-05 12:01:23.724245,7d0478b079dd9af483d6e85503608b02
378,35,,,,,,2026-07-05 12:01:31.614079,beccf58b2a577d72e506befd4800c95a
378,37,,,,,,2026-07-05 12:01:40.523475,beccf58b2a577d72e506befd4800c95a
378,39,,,,,,2026-07-05 12:01:49.183245,beccf58b2a577d72e506befd4800c95a
381,20,2025-06-04,,,,,2026-07-05 12:01:59.166449,407be49a6e01038ba7931ed732000b62
381,23,2025-02-11,,,,,2026-07-05 12:02:09.066389,373319f1e433953cdbdc21ba5445006a
381,25,2018-11-20,,,,,2026-07-05 12:02:20.535514,62f8ebc85e63157b026d91e791bbb01c
384,37,2025-01-13,,,,,2026-07-05 12:02:29.918943,4702a7b898a9d17db17e8f7c360a9d0b
387,2,2025-12-16,,,,,2026-07-05 12:02:41.969182,388d10083b76b28607124cc1c412f405
387,3,2025-09-09,,,,,2026-07-05 12:02:52.867920,85e1984884f35f607aa5594ce3eb5fdc
390,11,2026-05-31,,,,,2026-07-05 12:03:06.230227,68aa0f28f149f46ce6735e76b9173b7c
390,13,2025-04-27,,,,,2026-07-05 12:03:22.459476,7fbcf046e78ba0a1172c19dc41d4304e
390,14,2025-02-17,,,,,2026-07-05 12:03:34.071358,a392feb7489ea408e4a1741962b5ae13
390,15,2021-11-09,,,,,2026-07-05 12:03:47.768587,c8c0bfabe6b940053c6c5d035320bc2c
390,17,2025-11-18,,,,,2026-07-05 12:03:58.129196,a3f48749b11b7610891a1190e98e2188
390,24,2024-01-02,,,,,2026-07-05 12:04:09.779763,05088530324b730bb612c2ac5a92e70b
391,10,2026-06-08,,2016-07-14,,,2026-07-05 12:04:56.663177,b2d3c51bdb7fcbb57e12bfe433427df8
391,3,2024-06-13,,,,,2026-07-05 12:04:29.644227,39a824b1711af73941fc5bee242c7af6
391,4,2026-02-10,,,,,2026-07-05 12:04:45.715569,3f0dd94b871160103c5c1c2461f99df7
392,10,2023-09-05,,,,,2026-07-05 12:05:51.184032,27d1488a85995c8873ec684255505ddc
392,3,2026-02-10,,,,,2026-07-05 12:05:09.803052,3f0dd94b871160103c5c1c2461f99df7
392,4,2022-05-30,,,,,2026-07-05 12:05:27.656942,22d5763a0847647551eca7c6007b51e1
392,9,2026-06-08,,2016-07-14,,,2026-07-05 12:05:39.433766,b2d3c51bdb7fcbb57e12bfe433427df8
393,10,2025-02-13,1961-01-05,1960-12-14,,,2026-07-05 12:06:35.622109,bee7f6142d3ad44f308b311706684060
393,7,2025-12-16,,,,,2026-07-05 12:06:03.900459,388d10083b76b28607124cc1c412f405
393,8,2023-09-12,,,,,2026-07-05 12:06:24.721333,dc60529fb7dd1a04529598511c43a617
396,12,,,,,,2026-07-05 12:06:44.945349,0f28fbe5d260c5d163c1f1a31ec3bc9b
396,27,2025-06-15,,,,,2026-07-05 12:06:55.535124,2f3a56db114a99ddbbeb63a950f232b1
396,34,,,,,,2026-07-05 12:07:05.972997,334c68f258db780e989f15bdde69c0d4
396,36,2024-10-13,,,,,2026-07-05 12:07:21.242891,334c68f258db780e989f15bdde69c0d4
397,20,2026-04-26,,,,,2026-07-05 12:07:51.576958,752a5cf911fbf5aa2347679fd231abbe
397,22,2026-04-28,,,,,2026-07-05 12:08:02.169800,66f0f768f3f8650693441439df0166b6
397,6,2026-04-09,,,,,2026-07-05 12:07:32.333046,f0432c33b5cac9f5f4873bd2c08b1e9b
397,9,2025-03-26,,,,,2026-07-05 12:07:41.689478,db222e8cdcfbdde06e35149289c3ce1c
399,24,2019-12-01,,,,,2026-07-05 12:08:12.574399,276e6dc988601a4e02c846fb64b7de47
399,26,2024-11-20,,,,,2026-07-05 12:08:24.074391,1ea810f2c837969542879c64045835c9
400,107,2023-07-19,2022-02-07,2021-11-17,,2024-12-26,2026-07-05 12:08:45.060498,2a7d346c5ea493c98bb5734cc6e70025
400,16,2025-01-26,,,,,2026-07-05 12:08:34.392148,cdecf9dad427ceff708da39f3392aa1f
406,30,,,,,,2026-07-05 12:08:53.280526,2717c11e72f1143559701e3d62086d49
406,34,2024-10-14,,,,,2026-07-05 12:09:03.698486,1cc34674f34de75b293be9be972fd7e2
406,42,2025-07-10,,,,,2026-07-05 12:09:13.341536,a0ac1ac4dbd5b83eb53e69a9bd76c1b4
406,60,2024-12-22,,,,,2026-07-05 12:09:23.819783,07d3999fb64b331750cc45780f7643a1
406,62,2026-02-02,,,,,2026-07-05 12:09:34.489443,08670ca82753c113249680eb0418974e
406,66,2024-12-05,,,,,2026-07-05 12:09:45.197222,ffce5827ad29cfb479597b4a76aed3ef
406,78,2024-06-04,,,,,2026-07-05 12:09:55.228754,fc495e094f0f77aceaca38312ab645d1
406,81,2024-05-01,,,,,2026-07-05 12:10:05.869989,70d5693236131ac9eeeed837efad8551
406,89,,,,,,2026-07-05 12:10:10.611276,7c8157e15b385d6dc47562394df3cebc
407,1,,,,,,2026-07-05 12:10:18.839447,0aa297b5a86d68536fe9503d6f8b1d08
407,9,,,,,,2026-07-05 12:10:27.192041,743db9ee46104ad91c6c8f6f9bd872b8
410,18,2026-01-21,,,,,2026-07-05 12:10:55.247685,12f74e417affa9647b0e237c7b46e8ad
410,2,2025-01-20,,,,,2026-07-05 12:10:36.614470,b1ab6d9aea5aa56357c65ee69b336215
410,9,2025-11-09,,,,,2026-07-05 12:10:46.100485,392b03b2b2280ae0abfa53678ff93843
414,107,2026-04-16,,,,,2026-07-05 12:11:49.901276,8bd25c5196fe001596fa0f89c7b5c716
414,112,,,,,,2026-07-05 12:11:59.294642,42cbf306c1da6f5c4beb041fad528fd3
414,113,2025-03-26,,,,,2026-07-05 12:12:09.027477,db222e8cdcfbdde06e35149289c3ce1c
414,114,2026-06-30,,,,,2026-07-05 12:12:20.792604,42cbf306c1da6f5c4beb041fad528fd3
414,115,2025-03-26,,,,,2026-07-05 12:12:30.347011,ff2de6961fea787d2dc79db7ae2b5fe5
414,118,2026-06-28,,,,,2026-07-05 12:12:39.593112,1a335d2c6e86c0702a48bc63b1fc3c04
414,120,2026-07-01,,,,,2026-07-05 12:12:51.083439,9150940d7bf9b6fd64d2678b89456a5d
414,132,,,,,,2026-07-05 12:13:00.119453,fb00ba0dc1fb5fcd573f256e0b54f515
414,134,2025-09-03,,,,,2026-07-05 12:13:10.155142,fb00ba0dc1fb5fcd573f256e0b54f515
414,141,,1987-01-25,1987-01-25,,,2026-07-05 12:13:20.926736,1ea810f2c837969542879c64045835c9
414,143,2024-11-20,,,,,2026-07-05 12:13:31.922435,1ea810f2c837969542879c64045835c9
414,146,2024-11-07,,,,,2026-07-05 12:13:42.010439,505c24ee701f71e377474b97dea99768
414,92,2023-10-12,2019-06-19,2020-11-22,,2024-09-16,2026-07-05 12:11:04.616102,418b84e78a4f6f10853ce46cae6ed86f
414,94,2025-10-29,,,,,2026-07-05 12:11:28.884463,a8f03d57b75dec4086551eef5ca43d5e
414,97,2025-12-25,,,,,2026-07-05 12:11:39.332034,c4a43072235a5e4290a1c40944606158
417,3,2021-08-22,1976-01-13,1976-01-13,,,2026-07-05 12:13:52.556641,ae6dcaf91382b3c7586cee61c9d95b2f
424,13,,,,,,2026-07-05 12:14:10.873597,e779410b17c02ad9eebefc40d195ff58
424,9,2025-02-03,,,,,2026-07-05 12:14:02.171393,2d1ca1fb39e04b7c3b007f08c7cf9141
429,1,2023-01-02,2022-03-02,,,,2026-07-05 12:14:20.042683,bf1ef70a0f15dc58eb763e158a5f2055
429,3,,,,,,2026-07-05 12:14:28.542657,bf1ef70a0f15dc58eb763e158a5f2055
431,38,,,,,,2026-07-05 12:14:36.686726,7344e4d7607d6a28e460367f78e3e9b5
432,2,,,,,,2026-07-05 12:14:46.167795,53194bee2f2c69bf828cab5b97dc356d
432,4,2024-10-10,,,,,2026-07-05 12:14:55.278078,53194bee2f2c69bf828cab5b97dc356d
432,6,2024-10-10,,,,,2026-07-05 12:15:06.099195,53194bee2f2c69bf828cab5b97dc356d
433,2,2026-05-18,,,,,2026-07-05 12:15:16.236947,0f28fbe5d260c5d163c1f1a31ec3bc9b
433,36,,,,,,2026-07-05 12:15:41.709464,c673d1a482b3cb3e8351bfb24464200c
433,38,,,,,,2026-07-05 12:15:50.725912,c673d1a482b3cb3e8351bfb24464200c
433,4,2020-10-12,,,,,2026-07-05 12:15:25.569076,e69d863825fcff8a2889309e428e319e
433,40,,,,,,2026-07-05 12:15:58.563360,c673d1a482b3cb3e8351bfb24464200c
433,6,,,,,,2026-07-05 12:15:33.970325,0f28fbe5d260c5d163c1f1a31ec3bc9b
437,7,2025-12-23,2020-08-30,2020-08-26,,2024-08-14,2026-07-05 12:16:07.721655,f5204a02ce4693c3225025615ba9bb33
438,33,2026-01-14,,,,,2026-07-05 12:16:17.448578,2fa5d980a1bf989b656642e19bde12b1
442,4,,,,,,2026-07-05 12:16:26.971691,0203911f6a741449d3d640a997b0becc
442,6,,,,,,2026-07-05 12:16:35.771106,0203911f6a741449d3d640a997b0becc
445,13,2026-06-01,2013-06-27,2013-06-26,,,2026-07-05 12:17:05.021202,51cf6570030a405f7374e289feb3dc6d
445,7,2025-04-21,,1991-11-05,,,2026-07-05 12:16:45.111072,a0c312c30567bd4f35175b9dee0d218d
445,9,2024-12-12,,2004-06-20,,,2026-07-05 12:16:54.958537,ef8b84fd4b9ee5e17852affc877c701b
460,115,2025-02-27,,,,,2026-07-05 12:17:42.849613,880b51ce3620e012e7bb3903b4c27190
460,123,2026-06-17,,,,,2026-07-05 12:17:52.655095,a00537d3921f02e6fb1c5307e2270fe8
460,57,2023-05-11,,,,,2026-07-05 12:17:17.708650,ca52abe984125537f02084cec2de5933
460,75,2025-06-24,,,,,2026-07-05 12:17:28.195999,8c0a2a91bbc69c81615c5c922a9c6118
462,13,2026-05-24,,,,,2026-07-05 12:18:24.807716,3b2763765df638c998a92fb3dc5b8485
462,15,2026-06-17,,,,,2026-07-05 12:18:35.543591,8632e77ae8e20c49278d275d8c6ff34b
462,16,2025-04-21,2015-10-13,2015-10-08,,,2026-07-05 12:18:45.998774,dc85a73c0a0aaeb52603086717063311
462,18,2025-04-21,2015-10-13,2015-10-08,,,2026-07-05 12:18:59.466693,dc85a73c0a0aaeb52603086717063311
462,19,2021-07-11,,,,,2026-07-05 12:19:08.599316,aec28446a9244455312dcda3fc4d2909
462,21,2023-10-26,2007-03-29,,,,2026-07-05 12:19:18.615183,1089f8b858cde6e4d747c658e2053d8b
462,29,2026-04-27,,,,,2026-07-05 12:19:27.924256,4077696b81b2940fc7363c855131412a
462,5,2024-12-12,,,,,2026-07-05 12:18:03.925360,ff9c61ae721d035067c1c21d624931a8
462,9,2026-06-08,,,,,2026-07-05 12:18:14.237963,4747e7a0d804c0793dc1be053dbed1a5
470,1,,,,,,2026-07-05 12:19:37.921831,b19cd60f2d10185877dae25b2040286e
470,3,,,,,,2026-07-05 12:19:46.777148,b19cd60f2d10185877dae25b2040286e
472,101,2025-08-07,1968-01-12,1967-11-17,,,2026-07-05 12:23:49.980895,afd5c0bd80ad319b2083677e72f9a878
472,103,2024-10-13,,,,,2026-07-05 12:24:01.092341,eb66da46f93d03478cdde9b50e0182ca
472,105,2025-12-11,,,,,2026-07-05 12:24:16.438241,de0b1cedb14f71c3ee0d82ab690eca56
472,107,2026-06-07,,,,,2026-07-05 12:24:34.402822,5a19b150b2f9d4b3e66fe955f542de65
472,11,2025-03-02,,,,,2026-07-05 12:19:56.835794,d3df84307c58db7b7d2354298bc8860a
472,117,,,,,,2026-07-05 12:24:43.997253,098c614ec514fa2aace6da8d76d35ff3
472,119,,,,,,2026-07-05 12:24:52.961401,74313b545e61eeede8998d3a3f6f93bb
472,121,2025-10-27,,,,,2026-07-05 12:25:03.553518,255153ce24edb1ac5d61acbdf4849e78
472,123,2023-12-28,,,,,2026-07-05 12:25:15.302023,05c20a15646deb21a3afe5f2c45c32b4
472,125,2019-09-08,,,,,2026-07-05 12:25:27.102712,ca433be740debc5e431cd4ec0b890e36
472,129,2019-09-18,,,,,2026-07-05 12:25:36.570917,bef876633194df652e41dc6d27561715
472,13,,,,,,2026-07-05 12:20:05.585446,d3df84307c58db7b7d2354298bc8860a
472,131,2026-03-26,,,,,2026-07-05 12:25:45.827181,166986f33352102b7e14fc9c74e6f6c1
472,133,2026-02-24,,,,,2026-07-05 12:25:55.993640,922c014598c6be9d0814071661fd52ba
472,135,2025-02-18,,,,,2026-07-05 12:26:05.445818,07ad7a0e93eea8c891e61612893a4381
472,21,2024-12-09,,,,,2026-07-05 12:20:15.651016,5fe4d008b0735388436dc0848cce2ef6
472,25,2025-12-02,1958-11-28,1968-11-28,,,2026-07-05 12:20:26.372692,d66222225ac92a79486a2a85dc1979ef
472,26,2025-11-03,,,,,2026-07-05 12:20:38.133113,e11f42c47d1a64b59a7f5b7c14d6d35f
472,33,2025-05-28,,,,,2026-07-05 12:20:48.539894,23e8726ec22e58ef4ecfea62729b4434
472,35,2025-05-11,,,,,2026-07-05 12:20:59.631134,7b650036d2eca524abdb69a08cca02b5
472,37,2025-12-22,,,,,2026-07-05 12:21:09.997192,45edd649e9e9c191691d34296288994d
472,45,2025-05-18,,,,,2026-07-05 12:21:20.221694,8e6bbe8c7cda794870c276aebc43bd96
472,48,2025-02-26,1999-05-12,1999-05-12,,,2026-07-05 12:21:30.145304,e9dbc3e76260de1d3c62c2276d774383
472,49,2023-04-09,,,,,2026-07-05 12:21:40.442279,68745fae498bd0c260ab3d20e5cfed9f
472,50,2026-06-23,,,,,2026-07-05 12:21:51.265637,0a43b39d8bc0da74bcb3dd8ced081332
472,51,2023-03-28,2008-01-06,,,,2026-07-05 12:22:01.034003,a550d09f780498436af85abcf8a868b3
472,52,2024-10-30,,,,,2026-07-05 12:22:11.342992,f0118f26021fad944e576102f35ac6d4
472,69,2025-05-28,,,,,2026-07-05 12:22:22.175797,afe96f68e26d0df0755e2f2bc3979819
472,71,,,,,,2026-07-05 12:22:33.482216,6da3b1aabf0d4b82eb92d587e9fea0f1
472,72,2024-10-30,2006-08-29,2006-08-29,,,2026-07-05 12:22:45.460600,ef77c39ef6d9b989bd5c70f7749edfa3
472,80,2025-02-23,,,,,2026-07-05 12:22:56.203420,f38227a6bbecf8ab2e874b9fd5eeafe0
472,82,,2009-12-27,,,,2026-07-05 12:23:07.014742,03fc838ef442146d8f1856792e4a57b5
472,86,2025-02-23,,,,,2026-07-05 12:23:18.223817,f38227a6bbecf8ab2e874b9fd5eeafe0
472,88,2025-02-23,,,,,2026-07-05 12:23:29.352453,f38227a6bbecf8ab2e874b9fd5eeafe0
472,99,2025-01-21,,,,,2026-07-05 12:23:40.298885,14742c6b14be9bc628af4ba8fb928398
473,4,2026-01-06,,,,,2026-07-05 12:26:14.994786,e81e38460a7ada993a55cffd800e7e36
476,41,2018-11-20,,,,,2026-07-05 12:26:27.026869,62f8ebc85e63157b026d91e791bbb01c
477,14,2026-06-08,,,,,2026-07-05 12:26:45.994746,9c739a50bd66ca44fab45f09f68293ac
477,16,2026-06-08,,,,,2026-07-05 12:27:07.093223,905654572fe839e5c9e301da78332b3a
477,20,2024-09-03,,,,,2026-07-05 12:27:24.049871,7e60c4a19e9397221069937bed338b82
477,48,2026-06-16,1996-08-15,1996-08-15,,,2026-07-05 12:27:37.367649,6f67935dc598677a975e121a28096622
477,52,2025-02-18,,,,,2026-07-05 12:27:50.330321,07ad7a0e93eea8c891e61612893a4381
477,68,2026-06-12,,,,,2026-07-05 12:28:02.229954,e1c9a8535001ca8611821fb8ed5e8374
477,70,2026-06-12,,,,,2026-07-05 12:28:12.049685,e1c9a8535001ca8611821fb8ed5e8374
477,72,2024-10-08,,,,,2026-07-05 12:28:38.101097,33dae5ddbff6f68c8c0fd0cf659887e0
477,8,2026-03-24,,,,,2026-07-05 12:26:37.091652,d7d49f6ff1dbdffe1e845c50de1e8bca
478,10,,,,,,2026-07-05 12:29:47.861307,3f2180d05622bd2116351c87dcbbcde3
478,11,2025-02-06,,,,2025-10-26,2026-07-05 12:29:58.006742,e8afb5278a37fdf9f592e2153c627fe3
478,12,2025-10-26,1962-09-24,1962-09-24,,,2026-07-05 12:30:08.297736,bb885654bca68c7b34919198a1f2dc68
478,13,2025-02-06,,,,2025-10-26,2026-07-05 12:30:18.626071,76e463b3a4addbc1dc7ef93367830ae6
478,15,2025-01-16,2019-02-28,2019-02-27,,,2026-07-05 12:30:27.745386,03456831a457f02c1d41819e730a2a62
478,16,2025-06-10,,,,,2026-07-05 12:30:37.170822,5bf1ef19fbc340c7e8cb0111077bc17f
478,17,2026-05-19,,,,,2026-07-05 12:30:46.652841,548cdbc6f49ce29946ab60764b4c8c30
478,19,2024-11-07,,,,,2026-07-05 12:30:56.475867,bc9a17bfa8b2e9583d25a811c8348089
478,24,2026-03-04,,,,,2026-07-05 12:31:07.121882,3fff136c8687b25dd71c942668e33a11
478,25,2025-12-11,,,,,2026-07-05 12:31:17.376695,2e06d57021e24cb554031a0b15ca115d
478,26,2025-05-04,,,,,2026-07-05 12:31:27.106008,97bb245a8d3668836195a1b6f3f53728
478,27,2026-05-27,,,,,2026-07-05 12:31:36.638510,526f8f199c6efab9f9ff8b9f7935a069
478,29,2026-05-27,,,,,2026-07-05 12:31:45.934252,526f8f199c6efab9f9ff8b9f7935a069
478,3,2025-09-19,,,,,2026-07-05 12:28:48.473204,1e216b87711f430892d8327f6836852e
478,30,2026-04-23,,,,,2026-07-05 12:31:55.593229,2cc215409e7710a253775cee4d3cd01d
478,32,2026-01-01,,,,,2026-07-05 12:32:05.793986,d59c4c517ff75098d4601f6f472d01ae
478,4,2025-09-04,2004-11-03,2004-11-03,,,2026-07-05 12:28:59.297767,b7f83618f651f40bc4690718779270d0
478,45,2026-03-24,2016-02-16,2016-01-28,,,2026-07-05 12:32:16.353174,f8223e5b2111a87da1588c76ea3efb6b
478,5,2024-04-17,,,,,2026-07-05 12:29:09.933486,0ef825a695c19837a6086e71a5f31687
478,6,2026-05-31,1965-12-19,1965-12-19,,,2026-07-05 12:29:19.355531,7f0feee7a541e01f6af8b63ec0fdfe8d
478,7,2024-04-17,,,,,2026-07-05 12:29:28.555947,d847238240a608cdffef9a865ae48252
478,8,2025-11-20,1963-03-13,1963-03-13,,,2026-07-05 12:29:38.764901,9224139a4043fb1624f6bd9a7c11a4c7
481,11,2025-07-27,,,,,2026-07-05 12:32:55.024696,11dd422c41e551073eaba7966a78ba59
481,12,2025-08-13,2007-04-12,2007-03-28,,,2026-07-05 12:33:06.263482,d06e0aea1de2a25abf3e585979082735
481,19,2025-07-03,,,,,2026-07-05 12:33:15.578420,3d90b18af40fb68fe4b9c37f3561bcda
481,20,2026-01-15,2001-06-10,2001-06-10,,,2026-07-05 12:33:26.911082,7b02683d47caa82c81ff1511427ac293
481,21,2026-01-27,2004-01-11,2004-01-05,,,2026-07-05 12:33:36.367850,6e91a37f421a0dc03eeb9b8b5e36da5b
481,22,2023-10-30,2007-03-05,2007-03-01,,,2026-07-05 12:33:47.481544,47021b290f3f1ee090140b8ef70e866c
481,23,2024-11-26,,,,,2026-07-05 12:33:57.802321,1303f56beef4028af4e1b064380a92f1
481,25,2026-03-10,,2007-03-06,,,2026-07-05 12:34:15.204230,f43064da33cddf2374a225fa1d36e8ce
481,27,2024-02-25,,,,,2026-07-05 12:34:32.585564,36d670f938ad930247e7f72af99fa229
481,29,2026-02-03,2005-09-04,2005-04-03,,,2026-07-05 12:34:51.430086,de214cd395558f9bc647aa60937e3b17
481,35,,,,,,2026-07-05 12:35:04.787581,2371e8b1bbd578b260a41e45f126d277
481,37,,,,,,2026-07-05 12:35:14.328169,2371e8b1bbd578b260a41e45f126d277
481,6,2025-08-13,2003-12-30,2003-12-30,,,2026-07-05 12:32:25.789649,607269923f61a57d8fe1815c32261fd4
481,8,2025-12-09,,,,,2026-07-05 12:32:35.245781,ca9d0de71fc9af8d095190681bffaa66
481,9,2025-07-15,,,,,2026-07-05 12:32:44.953897,ded3d0b99683bfdf007e705bd9b0dd72
483,1,2026-06-02,,,,,2026-07-05 12:35:29.609734,4d7c12742a68b4aa1981284b22909a7b
483,3,,,,,,2026-07-05 12:35:39.879967,83754ddca1769cdca59acd0a45907fa7
483,5,,,,,,2026-07-05 12:35:50.147751,7156e96fa7f010ed8dc5680083531177
486,1,2024-05-08,2013-10-02,2014-10-22,,,2026-07-05 12:36:06.102426,bdbf99286e88619899231aba8b5b7808
486,10,2024-12-03,,,,,2026-07-05 12:37:44.091145,19526dcc065fbb7da7ab75cd9311ef65
486,12,2024-12-03,,,,,2026-07-05 12:38:08.967479,1ddcb8e9403fbbfbb354fe6658327d03
486,14,2026-06-24,,,,,2026-07-05 12:38:24.954481,1a49647bfc62befbc4deade962d4f63e
486,16,2018-11-18,,,,,2026-07-05 12:38:40.262500,bd55569b061478f74baf1b55f3cdfb5f
486,17,2026-05-25,,,,,2026-07-05 12:39:00.304117,496795e8f49d6466902fb3f0868f9d46
486,18,2025-10-27,,,,,2026-07-05 12:39:17.212401,1f1868d0dc56e536de2d3d8451a68af1
486,2,2025-12-09,2005-11-23,2006-01-29,,,2026-07-05 12:36:21.570813,d29de904a3881f7598a018aa2a1dca4a
486,21,2024-07-03,,,,,2026-07-05 12:39:36.336317,8215f618f81c1f35d7f4f0092e38ba1f
486,22,2025-03-02,2007-09-03,2007-09-03,,,2026-07-05 12:39:52.124035,bd9f7987bc064c129cbb7a7c6c70d29c
486,4,2025-12-09,,,,,2026-07-05 12:36:36.322438,5ebf0a991a2cd311340da75381b6e1ed
486,6,2025-01-11,,,,,2026-07-05 12:36:50.539590,13f3c08c8fdf030b7a3c0c2c07dbbdd6
486,7,2025-01-07,,,,,2026-07-05 12:37:06.457734,a97b3ff3d69d4e54df4a31e9f8229593
486,8,2026-02-19,2001-09-11,2001-08-26,,,2026-07-05 12:37:24.837891,2ce2a997d37c524ea42625fcefada7e6
487,12,2025-09-17,,,,,2026-07-05 12:41:23.474926,5148b09c046b85f760fcc4e453ec2d45
487,16,2026-06-16,2005-09-21,2005-09-21,,,2026-07-05 12:41:33.320137,c07566ef6702fc5afbf3e543b49f8068
487,23,,,,,,2026-07-05 12:41:38.394703,34bd4cfa05caaae67550cf72808bb9b7
487,25,2025-02-03,1966-07-08,1966-05-03,,,2026-07-05 12:41:50.583527,3d564b5450ba04176d43528c9ad28d2b
487,27,2026-05-03,,,,,2026-07-05 12:42:00.451546,abe5e90df306c99f541e4cb19b6f94ef
487,3,2024-06-05,,,,,2026-07-05 12:40:08.957649,1e9d25aa1c3fc2843a1156b0d4f1be0f
487,31,2026-05-17,,,,,2026-07-05 12:42:09.999687,56b895cc6e709b302bac492a730b00f7
487,5,2023-07-31,,,,,2026-07-05 12:40:45.667875,f136b6c9e8c331b76cc09f90019142c8
487,6,2025-03-02,2007-09-03,2007-09-03,,,2026-07-05 12:41:01.755902,bd9f7987bc064c129cbb7a7c6c70d29c
487,8,2025-05-15,,,,,2026-07-05 12:41:13.580837,4f567e25c4be1a81536c4d680ee0066b
488,1,2026-02-19,2001-09-11,2001-08-26,,,2026-07-05 12:42:22.464093,2ce2a997d37c524ea42625fcefada7e6
488,15,2025-11-25,,,,,2026-07-05 12:43:15.199702,00574fb87f7f20228df092bfc7dd73e7
488,16,2026-03-30,,,,,2026-07-05 12:43:25.918544,01a7622dcb3d975035ecd17df3d92752
488,17,2024-04-04,,,,,2026-07-05 12:43:35.866392,d527337bf0ee0c0153b4fae8f687d8a0
488,18,2025-09-21,2008-07-06,2008-07-06,,,2026-07-05 12:43:45.834705,497131422fbed0416e328e87644c293a
488,2,2025-01-11,,,,,2026-07-05 12:42:33.120763,13f3c08c8fdf030b7a3c0c2c07dbbdd6
488,4,2025-06-04,2001-12-05,2001-12-02,,,2026-07-05 12:42:43.192510,bc51427cc2695fab1343732fabd4826e
488,5,2025-12-25,,,,,2026-07-05 12:42:54.344072,288fee86133b8d81a8443e3de8188d6b
488,9,2026-01-19,,,,,2026-07-05 12:43:05.558070,3de8b995fedd5cd4bbace04e041a76d5
489,1,2025-12-25,,,,,2026-07-05 12:43:56.041571,288fee86133b8d81a8443e3de8188d6b
489,11,2025-11-02,2002-03-25,2002-03-25,,,2026-07-05 12:44:45.195253,d33b2d8c845cd5d3d8fa7286a6da166d
489,13,2025-05-15,,,,,2026-07-05 12:45:08.614943,4f567e25c4be1a81536c4d680ee0066b
489,16,2025-10-26,1962-09-24,1962-09-24,,,2026-07-05 12:45:21.310813,bb885654bca68c7b34919198a1f2dc68
489,17,,,,,,2026-07-05 12:45:29.781393,3f2180d05622bd2116351c87dcbbcde3
489,3,2025-09-16,1962-09-17,,,,2026-07-05 12:44:05.764034,5b3b65f3dea01462ea2634f462c50a73
489,4,2024-09-16,2009-07-09,2009-07-05,,,2026-07-05 12:44:15.137635,d76d0aa06ab0ac045fbc475f9a7e496a
489,5,2024-09-15,,,,,2026-07-05 12:44:25.218727,eae7436d80750aab6a435d7bd0a3b652
489,7,2024-12-01,,,,2026-01-28,2026-07-05 12:44:35.266923,5bcb371033913b1c30a1f7a44d1e046d
490,11,2025-09-17,,,,,2026-07-05 12:46:28.027154,5148b09c046b85f760fcc4e453ec2d45
490,12,2024-08-28,,,,,2026-07-05 12:46:38.529856,89bcf617d4644b03f3884957fcfcc9cb
490,14,2026-06-07,,,,,2026-07-05 12:46:48.652677,c2123ca3000c5e581d0b90bafca34741
490,2,2025-11-25,,,,,2026-07-05 12:45:40.163900,00574fb87f7f20228df092bfc7dd73e7
490,4,2024-06-17,,,,,2026-07-05 12:45:50.163414,81b52843594eb82dc6996e904411f1f5
490,6,2026-01-20,,,,,2026-07-05 12:46:06.590908,71e964b9db99f168a376c442e7c6055a
490,8,2024-08-05,2020-11-03,2020-11-01,,,2026-07-05 12:46:18.375310,86603135b4e620d67c40e68401672ecc
491,1,2025-09-09,,,,,2026-07-05 12:46:58.840889,2d74f379c90922b77ef0e744d206681c
491,11,2025-12-14,,,,,2026-07-05 12:47:52.270226,8fe44d7b157aaa67ceb31034bd7fd68b
491,12,2026-06-14,,,,,2026-07-05 12:48:02.374270,e79291e2f856d2222ec94189b7691913
491,15,2025-02-18,,,,,2026-07-05 12:48:13.752225,5429dcb99f22f7b379e2f748b113d145
491,2,,,,,,2026-07-05 12:47:02.532611,2ff4486ab6d1d08a14d16fc9d596baba
491,3,2024-10-19,2021-03-16,,,,2026-07-05 12:47:11.937129,8d917cea9fb0447f9a7edf02096f8038
491,4,2025-04-06,1999-05-11,1999-05-11,,,2026-07-05 12:47:22.698156,d3c0dfe50c1e303f8c395eb54113fd9c
491,40,2025-11-13,,,,,2026-07-05 12:48:24.634566,859affb6ad5593d7adb9f749df365890
491,44,2026-03-31,,,,,2026-07-05 12:48:34.771124,2de616c60e01033c73dd23c2d1e3b647
491,48,2026-03-26,,,,,2026-07-05 12:48:44.310261,166986f33352102b7e14fc9c74e6f6c1
491,5,2025-09-05,,,,,2026-07-05 12:47:32.145675,7256b70b4db28fdd797b6173a36493e0
491,69,2025-05-15,,2010-11-29,,,2026-07-05 12:48:54.756505,07e46bb96344305dc4ac99d87b3f8ecf
491,7,2025-09-04,,,,,2026-07-05 12:47:42.097080,86d24e609347042668f4f67cf65618a4
491,73,2026-06-09,,,,,2026-07-05 12:49:04.594183,d60356285cc64eca10dfed48741340ac
491,75,2026-02-24,,,,,2026-07-05 12:49:15.344824,922c014598c6be9d0814071661fd52ba
492,10,2025-11-25,2003-11-18,2003-11-13,,,2026-07-05 12:50:30.089475,5c591a11a5ea6e62432b9db2d67f22fe
492,11,2025-05-19,,,,,2026-07-05 12:50:48.665916,a0bcadfc6ac583f9c708c3267cfc23ed
492,12,2019-09-08,,,,,2026-07-05 12:51:07.380435,ca433be740debc5e431cd4ec0b890e36
492,3,2025-07-01,,,,,2026-07-05 12:49:25.965219,33e4d07764d8a11485e6880c22bd9b23
492,4,2025-03-02,,,,,2026-07-05 12:49:35.789715,7936f149cea78551e35c2a85cba28a20
492,5,2025-09-14,,,,,2026-07-05 12:49:45.095947,7d8a9f13ad7e8bdd3272d09521fed23a
492,6,2025-12-22,,,,,2026-07-05 12:49:53.958719,80ea7e9a8d5da4134f59b12ace977f1b
492,7,2025-11-27,1966-02-09,1966-02-09,,,2026-07-05 12:50:06.642555,b335760675673e90ecaf85fb621d926a
492,9,2026-01-18,,,,,2026-07-05 12:50:19.335590,f4149a034f1ba020d74aa743b78c5c99
493,1,2024-09-12,2002-10-27,2002-10-27,,,2026-07-05 12:51:29.905014,a6f1fc078c699e3de1bf41b7dbc4091c
493,11,,1960-11-16,1960-11-16,,,2026-07-05 12:52:43.670727,c1bf4fa4ae35dc835728ee774e22eb48
493,3,2024-09-12,2002-10-27,2002-10-27,,,2026-07-05 12:51:48.370676,a6f1fc078c699e3de1bf41b7dbc4091c
493,4,2025-03-04,,,,,2026-07-05 12:52:09.708713,eed9526c7b9270325f38f92b43142dca
493,9,2025-03-23,,,,,2026-07-05 12:52:28.075421,c1bf4fa4ae35dc835728ee774e22eb48
494,11,2024-05-26,1952-12-12,1952-12-12,,,2026-07-05 12:53:27.016443,2830781445f4ec4caea36e3871d33ff1
494,13,2024-12-14,,,,,2026-07-05 12:53:37.217963,d00ba499818f491a598d19037be77640
494,27,2025-10-16,,,,,2026-07-05 12:53:47.875275,2fad240f91a1266c7b85a536a42cd772
494,29,,2009-03-12,2009-03-09,,2010-07-11,2026-07-05 12:53:59.917504,2fad240f91a1266c7b85a536a42cd772
494,3,2025-11-30,,,,,2026-07-05 12:52:59.491082,5d16f0e0953f727730e44dfe7cf4e876
494,48,2025-02-03,,,,,2026-07-05 12:54:11.039506,e65640d2ceb9eb6fa1d4cb8ac2498cbb
494,5,2019-02-12,2017-12-31,2017-12-25,,2022-07-12,2026-07-05 12:53:08.939597,1292b32e5e7a5b6f1902fa5424e59d3b
494,50,,,,,,2026-07-05 12:54:41.568741,7671ddb155fa3cce8559a461d20e8e5b
496,101,2026-02-26,,,,,2026-07-05 12:55:46.987924,3f6e0604ce6082dbee313bb95bbf7702
496,103,,2013-09-15,2013-09-15,,,2026-07-05 12:55:58.432692,3f6e0604ce6082dbee313bb95bbf7702
496,117,2025-08-03,,,,,2026-07-05 12:56:08.046140,3ebd11e4beed4cede7e3761d32d53132
496,144,2024-10-20,,,,,2026-07-05 12:56:17.804027,21afd2f0e875b196b8f5e20c2d2cad76
496,146,2024-10-20,,,,,2026-07-05 12:56:28.533394,21afd2f0e875b196b8f5e20c2d2cad76
496,25,2025-10-22,1988-06-09,,,,2026-07-05 12:54:52.027455,a978ae30309426276f87e27c3eadccdf
496,37,2026-06-28,2020-07-14,2020-06-15,,,2026-07-05 12:55:02.876324,e44d9b8ebd033de37e4de3b055e1f113
496,39,,2012-05-03,1980-06-11,,,2026-07-05 12:55:13.114894,e44d9b8ebd033de37e4de3b055e1f113
496,56,2026-05-11,,,,,2026-07-05 12:55:23.244955,5cdd8718a753dd99e63f17c645de6f19
496,99,2026-02-26,,,,,2026-07-05 12:55:33.631547,004af07c6606257589ae41bc9ca52cd0
498,11,,,,,,2026-07-05 12:56:57.332506,0f28fbe5d260c5d163c1f1a31ec3bc9b
498,19,,,,,,2026-07-05 12:57:05.448138,53194bee2f2c69bf828cab5b97dc356d
498,5,,,,,,2026-07-05 12:56:37.371698,0541924b9d2841888c858c2c5c93ea66
498,9,,,,,,2026-07-05 12:56:47.166193,e69d863825fcff8a2889309e428e319e
500,1,,,,,,2026-07-05 12:57:11.590031,526f8f199c6efab9f9ff8b9f7935a069
500,13,2023-03-05,2020-09-03,2020-08-17,,2021-07-27,2026-07-05 12:58:01.003484,c9fd7d79dc5612083234b0d126c390ee
500,14,2024-12-14,,,,,2026-07-05 12:58:12.839371,d00ba499818f491a598d19037be77640
500,15,2023-03-05,2020-09-03,2020-08-17,,2021-07-27,2026-07-05 12:58:23.344324,c9fd7d79dc5612083234b0d126c390ee
500,16,2025-01-16,2007-11-17,2007-11-12,,,2026-07-05 12:58:34.523679,078fd674e8a535c369374c0876426cb5
500,3,2025-02-18,,,,,2026-07-05 12:57:21.641415,b7f1c52f91c8ad36d0a3e5eaa5b136fb
500,6,2026-06-09,,,,,2026-07-05 12:57:32.066636,892c47f0939f143bf56e7f3b93e67b02
500,8,2026-06-06,,,,,2026-07-05 12:57:41.858213,d1ab10305d1579eba36230a584f6c371
500,9,2026-03-05,,,,,2026-07-05 12:57:51.621625,95e48a896d05ccfc5d4ab0ab707faf18
501,13,2024-11-06,2005-04-20,2005-04-20,,,2026-07-05 12:58:43.750835,dd22f2c5802a3d5a0d931d2945fb2c66
501,15,,1950-06-16,1950-06-16,,,2026-07-05 12:58:53.938554,dd22f2c5802a3d5a0d931d2945fb2c66
501,18,2021-06-22,2020-07-19,2017-07-20,,2023-03-06,2026-07-05 12:59:04.856525,f3db695311d4d844ada787da3927c907
501,20,2024-08-15,,,,,2026-07-05 12:59:18.575580,f3db695311d4d844ada787da3927c907
501,37,2025-12-04,,,,,2026-07-05 12:59:27.578992,9b40cc9852ed91e3541188951f16907c
501,39,2025-12-04,,,,,2026-07-05 12:59:36.507394,9b40cc9852ed91e3541188951f16907c
501,43,2026-07-01,,,,,2026-07-05 12:59:46.529200,2b113ae049b618f8e2b32e4b61004587
502,10,2025-11-09,,,,,2026-07-05 13:00:06.579672,763ec58971e1b216446b6daadd00ae53
502,17,,,,,,2026-07-05 13:00:15.004563,aefbe629cc85c6e4bb2ddf7921ddb084
502,20,2025-02-03,,,,,2026-07-05 13:00:24.044923,e65640d2ceb9eb6fa1d4cb8ac2498cbb
502,30,,,,,,2026-07-05 13:00:34.740157,1949c71b9c0418405135623ac675251e
502,32,,,,,,2026-07-05 13:00:44.012083,2309a21887c96ee98ddc89ac890e8654
502,34,,,,,,2026-07-05 13:00:52.761220,74313b545e61eeede8998d3a3f6f93bb
502,36,,,,,,2026-07-05 13:01:00.134148,74313b545e61eeede8998d3a3f6f93bb
502,39,2024-06-30,,,,,2026-07-05 13:01:11.720135,7671ddb155fa3cce8559a461d20e8e5b
502,41,2024-09-12,2002-10-27,2002-10-27,,,2026-07-05 13:01:21.867109,a6f1fc078c699e3de1bf41b7dbc4091c
502,47,2025-03-03,,,,,2026-07-05 13:01:31.250474,f681171178e7137d2ddcc0d0037dadef
502,51,,,,,,2026-07-05 13:01:40.229762,255153ce24edb1ac5d61acbdf4849e78
502,6,2025-09-03,,,,,2026-07-05 12:59:56.985569,126892e472b2d019bcfdc079fbadcff8
502,61,2025-11-18,,,,,2026-07-05 13:01:51.105127,3515b4df5765e80625883a9de16de9e1
502,97,2025-10-28,,,,,2026-07-05 13:02:01.611189,de852cf26f94d992509f256da4f481dc
503,1,2025-06-22,,,,,2026-07-05 13:02:12.271730,81849cb945d69537badb44a8e7e96820
503,10,2026-06-30,1962-08-20,,,,2026-07-05 13:03:08.280690,e780c229c63b670ae3aaa098be803143
503,11,2026-06-25,2007-11-20,2007-10-07,,,2026-07-05 13:03:41.837647,c9f2d89da703a672b96891a62dd61292
503,12,2024-07-16,,,,,2026-07-05 13:03:54.230401,ad2d42d71bce6eb9d0ec6193353d8c25
503,13,2024-01-04,,,,,2026-07-05 13:04:06.492262,a779c6327716a9295af8c5c0377c9090
503,14,2024-12-15,,,,,2026-07-05 13:04:17.730159,b78ac6508ae7d979dfcbaba874d821af
503,15,2024-07-10,,,,,2026-07-05 13:04:27.383635,ac093cbaacf5adbf0454bf4881f6e1f0
503,16,2025-02-10,,,,,2026-07-05 13:04:36.293505,348e7cf777668e87e3c599e647c98740
503,5,,,,,,2026-07-05 13:02:15.773962,a2e1a3e73fc2921e8816f50c4f7e3bde
503,6,2026-03-24,1964-11-24,1964-11-18,,,2026-07-05 13:02:27.025809,f8bafe3e1671ecc69c970bf4f6140cfd
503,7,2025-03-13,,,,,2026-07-05 13:02:38.374378,5fc498015dd81386160c09037b1d87a5
503,8,2023-11-26,,,,,2026-07-05 13:02:47.846783,d76610e459b98b441362c5adbdc6241d
503,9,2025-03-13,,,,,2026-07-05 13:02:57.396963,98231481dd4e0bc4fb8dce29ea1a2e6e
504,16,2026-01-14,,,,,2026-07-05 13:05:08.302986,693b4f48d20579c3c1d86bb9315d5a8b
504,4,2022-07-12,2018-06-07,2018-05-30,,2021-11-07,2026-07-05 13:04:48.073707,bce0d2ff2dd8be7706f503997ee97a42
504,6,2020-06-14,,,,,2026-07-05 13:04:58.059485,bce0d2ff2dd8be7706f503997ee97a42
505,10,2025-01-23,1959-05-15,,,,2026-07-05 13:05:45.979840,25e3f0536c27fae6e7cb91abda441e8a
505,11,2025-11-24,,,,,2026-07-05 13:05:58.219390,7ebad1bbda4ebdb1b886cf67320e204c
505,12,2025-11-18,,,,,2026-07-05 13:06:08.391237,7b68dd06d9e0ac7f077d8c205f984608
505,13,2026-05-20,2016-03-20,,,2016-04-03,2026-07-05 13:06:20.847605,85887d5139e42854be8f1412110c117d
505,15,2026-02-08,,,,,2026-07-05 13:06:30.949673,6e3c833b23fd6fbaea0c18e2c90c10bb
505,16,2026-01-12,,,,,2026-07-05 13:06:42.428209,a307f3df5efaeb7b418e8fc2b1fded0c
505,17,2026-05-10,,,,,2026-07-05 13:06:51.735100,3adcfb410d9067344b325013bf880a51
505,21,2024-12-09,2016-03-29,2016-03-27,,,2026-07-05 13:07:01.361660,0f1f917fcdb2434c83c25636746675cb
505,22,2026-01-13,,,,,2026-07-05 13:07:13.232481,11ccef0fbbec70a24dfd68d66a4d37b8
505,23,2025-04-10,,,,,2026-07-05 13:07:23.027375,d125c5e34ad5c494dbbb9f0beb46ea55
505,24,2021-04-06,1969-01-13,,,,2026-07-05 13:07:33.091270,921ce44f8c0285f8e7a57942dea40515
505,26,2026-01-14,,1983-07-04,,,2026-07-05 13:07:42.919176,daf4aa4bb209532cfa75917b314e81e9
505,5,2026-01-22,,,,,2026-07-05 13:05:18.586545,5045ff5ff9f40172f18c0005b0cd2bd6
505,7,2024-08-27,2008-05-20,,,,2026-07-05 13:05:28.023722,0e334bd58fb870ce4c9d1b98c36c7a3c
505,8,2024-07-02,,,,,2026-07-05 13:05:37.165022,fb1296f01e01fc3751bcaae717ecbe67
506,23,2024-07-23,,,,,2026-07-05 13:07:52.648552,6cebddc530567f0ea206fe4602023070
506,26,2024-10-10,,,,,2026-07-05 13:08:04.309768,79548eda33bdcb465df7b0c939e41c62
506,36,2025-04-10,,,,,2026-07-05 13:08:20.012854,91bec9037af9413f066ad1510ef5152c
507,10,2025-03-04,,,,,2026-07-05 13:08:30.246615,e0d0e9b3e45dd445ca3dda02aa115bb5
507,13,2025-01-29,,,,,2026-07-05 13:08:42.370362,2fbfec6f68c1dd5aa00343a214ade763
507,14,2026-05-27,,,,,2026-07-05 13:08:53.412746,feb5a961113fa77bb1202f300848843c
507,18,2025-08-26,1969-06-16,,,,2026-07-05 13:09:03.896754,17cf3eedcbea310bf3f064e1e6f4a679
508,10,,,,,,2026-07-05 13:09:36.821149,98d6d36083349eb3fc367739b7a5758a
508,11,2024-07-28,2021-07-19,2021-07-15,,,2026-07-05 13:09:46.577637,0620cb068ca0adfdab0abe5b89d297a0
508,14,2025-11-27,,,,,2026-07-05 13:09:57.824511,949d177c34e35cf8d32823eb87a270c3
508,15,2026-05-27,,,,,2026-07-05 13:10:10.145731,526f8f199c6efab9f9ff8b9f7935a069
508,16,2025-11-27,,,,,2026-07-05 13:10:43.037282,48a2475d318d27e999e29705c9721350
508,18,2024-11-20,,,,,2026-07-05 13:11:00.580132,94b0722dbce246f672ad6b2fd698b68b
508,20,2026-03-30,1999-02-02,,,,2026-07-05 13:11:10.917900,17f56ffbc20239af904bafb8de4b64cf
508,22,2024-07-25,,,,,2026-07-05 13:11:20.955508,8eba9a999db6126ad91d1e0d73ee3659
508,24,2026-03-18,,,,,2026-07-05 13:11:31.199994,d37ef54ff1409101b392ade83fd1dec1
508,28,2025-01-15,2010-04-22,,,,2026-07-05 13:11:41.278671,926ca3467039c75e801d09a2ac354e0a
508,3,2025-02-22,2019-02-11,2019-02-10,,2021-07-14,2026-07-05 13:09:14.600269,4144cfcbbc482a45408f3e666b0a5c7d
508,30,2025-12-11,,,,,2026-07-05 13:11:51.326094,2e06d57021e24cb554031a0b15ca115d
508,7,2026-03-22,,,,,2026-07-05 13:09:26.676672,ca0847088b4085f54c2bc6181af196ed
510,1,2025-01-16,2019-02-28,2019-02-27,,,2026-07-05 13:12:06.765400,03456831a457f02c1d41819e730a2a62
510,10,2026-03-18,,,,,2026-07-05 13:13:08.815485,172f563d72ce023ce089a567f6834ebe
510,11,2024-07-25,,,,,2026-07-05 13:13:22.649482,8eba9a999db6126ad91d1e0d73ee3659
510,13,2026-03-22,,,,,2026-07-05 13:13:35.664466,ca0847088b4085f54c2bc6181af196ed
510,14,2026-03-18,,,,,2026-07-05 13:13:48.688988,0230c28f35f146db9d4399ea8fa98875
510,16,2026-03-18,,,,,2026-07-05 13:14:02.117938,d37ef54ff1409101b392ade83fd1dec1
510,19,2020-06-08,,,,,2026-07-05 13:14:17.950424,1bd09228e6dc8c9de5084d82ae555c47
510,2,2026-05-19,,,,,2026-07-05 13:12:22.852250,548cdbc6f49ce29946ab60764b4c8c30
510,20,2025-01-02,1955-12-16,,,,2026-07-05 13:14:32.954931,ff71392280a3ebedf511e3d5a10a5427
510,23,2023-03-05,2020-09-03,2020-08-17,,2021-07-27,2026-07-05 13:14:49.528552,c9fd7d79dc5612083234b0d126c390ee
510,26,2025-01-16,2007-11-17,2007-11-12,,,2026-07-05 13:15:02.905832,078fd674e8a535c369374c0876426cb5
510,3,2026-04-26,,,,,2026-07-05 13:12:38.786948,51a0aef93594a1acf2840daeb177f117
510,41,2025-02-27,2021-04-29,2020-09-10,,,2026-07-05 13:15:21.866075,2501fa81b446ee1a00a3ab5d52f28916
510,48,2026-06-07,,,,,2026-07-05 13:15:39.884695,5a19b150b2f9d4b3e66fe955f542de65
510,9,2024-03-04,,,,,2026-07-05 13:12:53.086285,91fe9c4d702178e1bbb663cc68cb0910
511,10,2024-04-09,,,,,2026-07-05 13:16:08.086922,ad827c572b2e3bfbe928e4f3b8ad676a
511,8,2025-02-20,,,,,2026-07-05 13:15:56.588591,74649b853072e52b02ca923ebb19c4ad
512,8,2019-07-14,,,,,2026-07-05 13:16:18.962464,f9feda1febbb793c3114e587f4b6fd83
513,22,2026-02-16,,,,,2026-07-05 13:16:40.096162,7f755aba0fd4f693d0fb70de055a5e05
513,27,2024-09-16,,2013-02-19,,,2026-07-05 13:16:52.588508,b1b9ab8a6b5d55778ee31ba6d72a2e22
513,9,2025-11-09,,,,,2026-07-05 13:16:29.323324,547725116fad95a411d600a4199c56ca
515,11,2018-07-16,2021-02-11,2021-02-10,,2024-07-17,2026-07-05 13:17:02.310269,3c6e826578ca337549f83967e4a8ce5d
515,38,2024-09-13,,,,,2026-07-05 13:17:19.890050,d0675e10f512e9a88cb2aa9fb44b5417
516,27,2025-12-08,,,,,2026-07-05 13:17:29.631157,f4f03658c88d0e16db590294d9b332d4
518,3,2024-09-13,,,,,2026-07-05 13:17:40.442631,d0675e10f512e9a88cb2aa9fb44b5417
519,42,2025-02-20,,,,,2026-07-05 13:17:50.232618,74649b853072e52b02ca923ebb19c4ad
520,6,,,,,,2026-07-05 13:18:00.601865,3c6e826578ca337549f83967e4a8ce5d
523,22,2026-05-10,1995-04-13,1995-04-13,,,2026-07-05 13:18:17.866129,9ca64f782f9ee2fd2adc9a6a6ba45870
524,11,2026-05-14,,,,,2026-07-05 13:20:07.105146,32a526e3e01a740b15f2df3e01238aea
524,15,2026-06-22,,,,,2026-07-05 13:20:18.215814,1acd63c614300c81c022ab666ef99f0b
524,19,2025-01-02,,,,,2026-07-05 13:20:28.791796,b7f683c1961da35f29786843976fa5e0
524,21,2024-09-16,,,,,2026-07-05 13:20:38.898490,6c3bad1a2cbc3c030441dd2119b681a5
524,3,2024-10-27,,,,,2026-07-05 13:18:35.612405,f5d0e17c09e3656e31732f9afec43ca6
524,4,2026-03-18,,,,,2026-07-05 13:18:51.344424,8a870d92d4d2436d1f0f24ce7053deb1
524,6,2026-04-29,,,,,2026-07-05 13:19:06.546208,9b6712a1fd1d777086fe0ab81112f80b
524,7,2025-01-23,1989-04-18,1989-03-29,,,2026-07-05 13:19:21.090931,dcfeb496762b5c47c1e73e2746cff3b6
524,8,2025-05-22,1994-05-03,1994-05-01,,,2026-07-05 13:19:36.377306,28dd830c7c5d28858b58460c52149825
524,9,2024-12-29,1961-01-19,1961-01-19,,,2026-07-05 13:19:55.802149,fca9f44c90d2eaf76b88c3a637d1737f
525,10,2024-12-31,1985-11-11,1984-09-05,,,2026-07-05 13:21:20.412039,83e68860e4bbaf0aa69ae6b7ce237679
525,12,2024-12-31,1964-02-07,1964-02-07,,,2026-07-05 13:21:35.309818,39277b3b7c54d42426324a301f1ccd62
525,14,2025-07-28,,,,,2026-07-05 13:21:51.273075,818c1c11efba9b52fb3f35410fcfa74e
525,15,2024-06-04,,,,,2026-07-05 13:22:08.712437,19566bcd664c2cd285303594331a1fec
525,16,2025-07-28,,,,,2026-07-05 13:22:24.407162,e77aaf1627b07d26ec1e234fe4ab3036
525,19,2025-09-01,,,,,2026-07-05 13:22:37.880649,d98af8fab341af393683233905b69cda
525,3,2020-07-08,,,,,2026-07-05 13:20:47.952230,f00b51ac25e53b603d38f463eca1400e
525,8,2025-11-04,,,,,2026-07-05 13:20:58.163486,45c60cc1ae4f16e3783f07b5710acc97
525,9,2025-12-10,,,,,2026-07-05 13:21:09.028592,5f2b07550074fba7976e5a8a0c3519fc
526,11,2025-04-28,,,,,2026-07-05 13:23:37.255328,dd1c67048978fccf786e898300ad2c57
526,5,2025-05-06,1981-02-27,1981-01-11,,,2026-07-05 13:22:53.355326,f5b5a37a0be48673f11abf5fcc04944f
526,7,2024-11-07,,,,,2026-07-05 13:23:06.639909,5e5842d33e170b7648cdc8b699c7645b
526,9,2025-02-11,,,,,2026-07-05 13:23:23.931942,2986aa0104afd42a7b0d7f5a89ec2c42
527,14,2026-01-13,,,,,2026-07-05 13:25:16.117431,11ccef0fbbec70a24dfd68d66a4d37b8
527,15,2024-12-09,2016-03-29,2016-03-27,,,2026-07-05 13:25:35.963980,0f1f917fcdb2434c83c25636746675cb
527,16,2024-09-16,,,,,2026-07-05 13:25:59.245946,6c3bad1a2cbc3c030441dd2119b681a5
527,17,2021-04-06,1969-01-13,,,,2026-07-05 13:26:17.559119,921ce44f8c0285f8e7a57942dea40515
527,19,2021-04-06,1969-01-13,,,,2026-07-05 13:26:28.815162,921ce44f8c0285f8e7a57942dea40515
527,2,2026-02-22,,,,,2026-07-05 13:23:56.900950,fc62ba40a5dd60d63587800c78e27d15
527,23,2023-12-18,2021-02-04,2020-06-28,,,2026-07-05 13:26:38.315352,c73bc7031a3595513be77be63b7e8121
527,25,2024-07-17,,2006-05-29,,,2026-07-05 13:26:47.180340,7d8e170e7883cffac5fd9997edcaf3ca
527,27,2024-09-05,2006-01-29,,,,2026-07-05 13:26:56.970807,700d2a016fc225f5925ec3d181eaf848
527,31,2024-06-04,,,,,2026-07-05 13:27:06.496428,19566bcd664c2cd285303594331a1fec
527,4,2025-04-03,,,,,2026-07-05 13:24:16.430323,55a9320cdc7413df146216da12fa6066
527,5,2026-01-12,,,,,2026-07-05 13:24:31.482073,789b361bd8a967cc2208b3d341f20176
527,7,,,,,,2026-07-05 13:24:58.739421,c46169a587b0b3472d64ede80ef1be99
530,1,2026-04-29,,,,,2026-07-05 13:27:16.935445,9b6712a1fd1d777086fe0ab81112f80b
530,10,2026-04-27,,,,,2026-07-05 13:28:06.401476,c2ff750051cb564f9c2efa8b0faec8b0
530,2,2026-03-18,,,,,2026-07-05 13:27:27.682514,8a870d92d4d2436d1f0f24ce7053deb1
530,3,2023-12-07,1970-08-21,1970-08-16,,,2026-07-05 13:27:37.949033,338f4269d4eecd8590289632fac845db
530,4,2024-07-28,,,,,2026-07-05 13:27:48.025943,5eb4c55d9740bce6fce3caa124fa66ae
530,6,2024-05-12,2020-03-26,2020-03-15,,2024-05-26,2026-07-05 13:27:56.814775,0216cd4bac1c91e41fc32abb1ce4cfb5
531,2,2024-01-24,1961-12-20,1961-12-20,,,2026-07-05 13:28:16.426281,8a8dc58909e369d09a361e23fbea88ae
533,59,2025-02-24,,,,,2026-07-05 13:28:25.308727,852a35e3137d432ce7b232dadc0cc13e
533,67,2026-02-15,,,,,2026-07-05 13:28:36.812361,8709a3b422cf22d59d6b8f223fba702b
533,69,2025-02-20,,,,,2026-07-05 13:28:46.082189,dcd32536fffffc4e3dd2d016c18d5cf9
533,78,2024-07-29,2013-12-29,2013-12-26,,,2026-07-05 13:28:55.271943,18d3f53ef34622389257f62f29f8e002
537,5,2024-08-15,,,,,2026-07-05 13:29:05.018965,d16367470b534615314e258dc51865ce
540,19,2025-02-13,2021-02-04,2021-02-07,,,2026-07-05 13:29:14.829864,251aea9d203fd621213308e1379e13b0
540,21,2025-08-28,1977-05-24,1977-05-24,,,2026-07-05 13:29:24.620191,a2312e0a949a9a4992b955609737f279
540,33,2024-08-15,,,,,2026-07-05 13:29:34.927119,d16367470b534615314e258dc51865ce
541,10,2024-07-23,,,,,2026-07-05 13:30:15.845528,378c469a8e25897a39d1a1b90bc1591e
541,11,2025-08-18,,,,,2026-07-05 13:30:25.146145,730a676450af0d377fb7e3c34bbd749a
541,12,2024-09-30,,,,,2026-07-05 13:30:34.872071,5e7a4c6ec91a1e62782a25979a956fe7
541,13,2024-04-04,,,,,2026-07-05 13:30:45.172187,cb7a0fa4ea60f204affea52c5da8d9a1
541,14,2024-07-03,,,,,2026-07-05 13:30:55.235605,f18d5ef38fe7816b78f4311aaf5d2870
541,16,2025-01-23,2012-07-25,2013-01-30,,,2026-07-05 13:31:05.725257,a805e90028ca687d60adbbd30c136272
541,18,2024-09-16,,,,,2026-07-05 13:31:15.417710,1fcd8fb453aa02b86e76a89c992a031f
541,26,2026-05-05,,,,,2026-07-05 13:31:25.822023,64d78d40dd268487ca8db2c359df1e06
541,28,2023-12-28,1959-04-14,1959-04-14,,,2026-07-05 13:31:36.040703,ed2ff580e96fd8ecc789fa47b5296e3e
541,30,2025-11-17,,,,,2026-07-05 13:31:46.211972,7c1d78c8892cfa2708a668ac69bd8ed8
541,32,2024-11-17,,,,,2026-07-05 13:31:56.380847,0d1aa0033628b5b264fcc8e843616f06
541,34,2025-08-14,,,,,2026-07-05 13:32:07.785886,a9eccf6b8f3da9f361445481bfa85c21
541,36,2026-02-10,,,,,2026-07-05 13:32:18.721063,f27b6030f0b541cd2da92505819be778
541,4,2026-02-05,,,,,2026-07-05 13:29:44.992034,47b8dc64c16bf4e7fa9289eed6e91223
541,40,2024-12-11,,,,,2026-07-05 13:32:29.720863,97cbeec7f769227c24a545646e8b0298
541,6,2024-12-25,,,,,2026-07-05 13:29:55.331062,bdc4275800332eaa99d8981e3b0dcd4c
541,8,2024-07-29,,,,,2026-07-05 13:30:05.939813,bcc97d5f0eff7affce44864ff66649d7
543,10,2025-09-29,,,,,2026-07-05 13:32:43.140866,c5e484283d6963449308eefe86b6f8a8
543,12,2025-09-15,,,,,2026-07-05 13:32:53.873309,abc73675946a61573683c80dc2d91573
543,18,2026-06-11,,,,,2026-07-05 13:33:04.130544,309d80827fd7ce21b3fee3da1250aa40
543,20,2026-06-11,,,,,2026-07-05 13:33:15.610122,d29dbaf349110a6bd0391c9f701a1fcf
543,22,2024-07-09,2021-06-15,2020-12-10,,,2026-07-05 13:33:27.622808,752924c052c21735fd81cd0f5b410410
543,24,,,,,,2026-07-05 13:33:36.566720,b9533138168a7944127faec1998c9038
543,26,2025-02-09,,,,,2026-07-05 13:33:48.153247,903ad30331ad1d0257e90b77c0902ed7
544,10,2025-02-02,,,,,2026-07-05 13:34:53.301286,87d402651c3387b9eb9a188838dd7dba
544,11,2023-10-30,2009-07-23,,,,2026-07-05 13:35:04.713354,90192de05efb3485ba9dbabb539a92c2
544,12,2024-09-03,,,,,2026-07-05 13:35:14.983385,b053e9ffe2f3294a0f960b90b706b093
544,13,2025-01-16,,,,,2026-07-05 13:35:24.873000,8193298bdab2294c99867f1cc0c97e90
544,15,2025-03-04,2020-11-04,2020-06-25,,,2026-07-05 13:35:35.083280,5c7d7b4052ee9098c36a9266ac6506da
544,16,2025-01-26,,,,,2026-07-05 13:35:44.256935,0d38bc0a108e352baa51d6a165eb2d6e
544,17,2026-01-26,,,,,2026-07-05 13:35:53.649329,498075cc224e5833d9b6ba4dd21d2cc4
544,18,2026-04-28,,,,,2026-07-05 13:36:05.339644,6aa70123a4daeaf701337e07399818c9
544,19,2024-09-16,,,,,2026-07-05 13:36:15.962803,04c1d8e1a38f04bc76cabe182c6db0fd
544,20,2025-04-06,,,,,2026-07-05 13:36:27.241859,81f5d0a2facd288f312f626800cb2bf0
544,22,2025-01-01,,,,,2026-07-05 13:36:42.576700,c6ea994a25354978cf92f5bbd4a01b23
544,23,2026-06-14,,,,,2026-07-05 13:36:53.035767,0e99e28c6c504554098bb78eb09c86d3
544,25,2026-06-07,,,,,2026-07-05 13:37:03.786898,4abf9304df18ffff40d8ece21e0e5d57
544,28,2025-06-29,,,,,2026-07-05 13:37:13.198040,d3238225ae7de6f741dc28b2f669b389
544,29,2025-09-08,,,,,2026-07-05 13:37:22.870829,07c195b64f92f750386832b63b6d1feb
544,32,2025-06-30,2008-02-17,,,,2026-07-05 13:37:33.032855,03b93cc73e77482508eadaa9cbe035c3
544,34,2023-09-14,,,,,2026-07-05 13:37:43.299032,ca7f260c1bfe1643064a96d20a72d0ab
544,36,2024-07-28,2021-08-11,2021-08-11,,,2026-07-05 13:37:53.804215,7f0867f7e5aa128e6ad64bc174e41675
544,38,2025-07-02,,,,,2026-07-05 13:38:03.446936,110ebc038e0830b4d01063a34936244d
544,39,2026-06-04,,,,,2026-07-05 13:38:12.472117,035082278a1d87a906d46f6b01d54f51
544,4,2021-01-12,,,,,2026-07-05 13:34:00.886635,9af6d08416771f14af7061bee83c8f1d
544,40,2025-07-02,2010-03-25,2010-08-25,,,2026-07-05 13:38:22.777523,53597d708d88284f07feb1105b115e69
544,41,2026-06-25,,,,,2026-07-05 13:38:33.746490,d1f6a0e79108e0d7eea23b463e75511b
544,42,2023-07-16,,,,,2026-07-05 13:38:43.424018,0c476b9a6107abc5fcecc0c5945eaee2
544,44,,,,,,2026-07-05 13:38:52.048674,f05d3ff80bef60e6d40be1090512aee3
544,45,2025-07-24,,,,,2026-07-05 13:39:02.142483,e03900475088fb22475b7db503cabc19
544,48,2023-12-17,,,,,2026-07-05 13:39:11.518731,d748cce39561fb53ceb37659ad67bf3f
544,6,2025-01-08,,,,,2026-07-05 13:34:11.054357,3bf3d1edec238ca1f8c596f6a01e90ae
544,9,2025-01-20,,,,,2026-07-05 13:34:21.751489,b417ca295f54358233edaa870615a51d
545,10,2026-02-23,2003-01-13,2003-02-05,,,2026-07-05 13:39:39.457679,693dac1f88f1b684c92a458692fdd704
545,11,2025-12-24,2019-01-01,2017-03-06,,,2026-07-05 13:39:49.465146,53102968512da0d3affd58e6c5225da5
545,12,2025-03-25,2003-07-28,2003-07-28,,,2026-07-05 13:39:58.378428,bb2c085388e06fa98b495eb162523793
545,15,2025-01-08,,,,,2026-07-05 13:40:08.995454,9f66a3665c3bf0fcdef8116b7c18ebdb
545,17,2025-01-08,,,,,2026-07-05 13:40:18.377303,9f66a3665c3bf0fcdef8116b7c18ebdb
545,19,2024-06-02,,,,,2026-07-05 13:40:32.405056,e93315950d0cf329e1479ad0bf0ebc54
545,21,2020-06-24,2020-08-04,2020-07-12,,2026-01-15,2026-07-05 13:40:48.909038,525fb2b4f57332a6f5b6be264587d940
545,6,2026-03-24,,,,,2026-07-05 13:39:21.144730,6db95959575681e4b51c8546761c420c
545,9,2026-04-28,,,,,2026-07-05 13:39:30.215108,34a0808029f9430a493b08408e00e7df
546,10,2025-02-17,,,,,2026-07-05 13:41:43.251885,c44f375be1493a022b6c6f5271e950d1
546,11,2025-07-01,1954-03-28,1954-03-28,,,2026-07-05 13:41:53.181428,3465bb71509b2952b5570c7b0dfa09b6
546,15,2026-03-26,,,,,2026-07-05 13:42:02.844308,04d5b83c6fb502d1e2041adb101c1a8d
546,18,2025-07-02,1962-06-22,1962-06-12,,,2026-07-05 13:42:12.074837,030e3b39a59c3531bf43afc700af3260
546,20,2025-02-26,,,,,2026-07-05 13:42:23.571095,1066f305257a6bf678fbfb1c0fdaaa6a
546,4,2025-09-07,2005-07-14,2005-07-13,,,2026-07-05 13:40:59.646776,95ebc485b3f2b32e2c998802dbc961c7
546,6,2026-06-07,,,,,2026-07-05 13:41:13.625963,4abf9304df18ffff40d8ece21e0e5d57
546,8,2025-06-29,,,,,2026-07-05 13:41:23.128349,d3238225ae7de6f741dc28b2f669b389
546,9,2025-11-11,,,,,2026-07-05 13:41:32.422549,8cceb0113ca7222a43f5379155ebbc04
547,11,2026-03-02,,,,,2026-07-05 13:43:19.407680,ae38040a4382e736771c848456ef5fa8
547,13,2025-03-19,,,,,2026-07-05 13:43:29.484802,39f2171fb04d8cfaf370239485195742
547,5,2025-02-26,2006-07-20,2008-07-01,,,2026-07-05 13:42:34.146349,8f8396c8b4aa553357ad47a52aa819a6
547,7,2021-08-02,,,,,2026-07-05 13:42:44.723453,27bc88ee224446d7bd2ec0e98f71721e
547,8,2024-12-01,,,,,2026-07-05 13:42:54.912310,3661a2c99358636a760a0667fca7bdd0
547,9,2026-05-28,,,,,2026-07-05 13:43:05.075249,f7a26094ff00949d39def444e56264ef
548,10,2025-11-26,,,,,2026-07-05 13:44:24.301317,6ba1eafce0ecc901eb3a53024ae4cce2
548,12,2026-03-24,,,,,2026-07-05 13:44:37.921557,6db95959575681e4b51c8546761c420c
548,2,2025-08-18,,,,,2026-07-05 13:43:40.101324,730a676450af0d377fb7e3c34bbd749a
548,4,2023-12-05,,,,,2026-07-05 13:43:50.109362,9d592d2e4459bdc5feed4ff93bc5e6ac
548,5,2024-08-26,1995-09-05,1995-09-05,,,2026-07-05 13:44:00.346179,33142892b5dbffa98b90a9c9aa330a5e
548,8,2024-12-04,2020-09-17,2020-09-17,,,2026-07-05 13:44:09.863529,4945410759343f761d36f725919ce9fc
552,10,2026-05-04,1995-05-30,1995-05-30,,,2026-07-05 13:44:47.336682,9a5455bef31853951bd4b4c1bfc1a28f
552,12,2026-05-04,1995-05-30,1995-05-30,,,2026-07-05 13:44:57.424194,9a5455bef31853951bd4b4c1bfc1a28f
552,14,2023-05-29,,,,,2026-07-05 13:45:07.470080,536de7442539e86c79feaf5bf847d4f5
552,16,2023-05-29,,,,,2026-07-05 13:45:17.415921,536de7442539e86c79feaf5bf847d4f5
553,49,,,,,,2026-07-05 13:45:26.152231,3991b8501bd40eb334bf4aa5d8076207
554,2,2025-10-29,2011-12-14,2010-04-11,,,2026-07-05 13:45:39.992707,f650ba04bcaec6e75963f1c76c05e50b
554,40,2026-05-26,,,,,2026-07-05 13:45:51.981774,66c08b7a39c23db21e1dc0e29dc4ec84
555,46,,,,,,2026-07-05 13:45:59.267318,61620656c38873b2a1dfdccc5cbde703
555,51,2026-06-12,,,,,2026-07-05 13:46:09.739777,e1c9a8535001ca8611821fb8ed5e8374
555,53,2026-06-12,,,,,2026-07-05 13:46:19.984071,c50c2497b59101a837d0dc7e13edc3c1
556,13,2026-03-22,,,,,2026-07-05 13:47:01.671307,b24261d9d346df583c52cdbc0c2509e0
556,14,2026-01-07,,,,,2026-07-05 13:47:12.653681,fcf50966f5515327f80494b9ab2faf7b
556,15,2026-03-22,1958-04-23,1958-04-23,,,2026-07-05 13:47:23.283460,b24261d9d346df583c52cdbc0c2509e0
556,16,2025-02-27,,,,,2026-07-05 13:47:33.387279,b0a433586c01172b2965a837d38f0d53
556,21,2026-01-07,,,,,2026-07-05 13:47:43.282171,7987a6e234986ddc24fb117901124f9a
556,29,2025-09-15,,,,,2026-07-05 13:47:53.619344,61620656c38873b2a1dfdccc5cbde703
556,30,2026-05-13,1984-02-23,,,,2026-07-05 13:48:06.383368,6997b5d4739b9db570f72dceeab99cbe
556,31,2025-09-15,,,,,2026-07-05 13:48:19.764141,61620656c38873b2a1dfdccc5cbde703
556,32,2024-10-08,,,,,2026-07-05 13:48:29.778087,5171d355539eafbeb3f877be122928af
556,34,2024-10-08,,,,,2026-07-05 13:48:40.422740,1748f12b336d7bb71de01314bda2a49b
556,36,2024-10-08,,,,,2026-07-05 13:48:50.416725,33dae5ddbff6f68c8c0fd0cf659887e0
556,39,2026-06-12,,,,,2026-07-05 13:48:59.327844,c50c2497b59101a837d0dc7e13edc3c1
556,4,2026-06-21,,,,,2026-07-05 13:46:30.313386,f268b1eb09a8cd0f948eb2a1dca7698d
556,41,2026-06-12,,,,,2026-07-05 13:49:10.570514,e1c9a8535001ca8611821fb8ed5e8374
556,5,2026-05-12,,,,,2026-07-05 13:46:39.699167,01e29e915c3e022a880997dedb15e0e2
556,7,2026-05-12,,,,,2026-07-05 13:46:50.357027,01e29e915c3e022a880997dedb15e0e2
557,11,2026-02-24,,,,,2026-07-05 13:50:14.038912,041040e6a495b056b2199607e465fe7b
557,13,2026-02-24,,,,,2026-07-05 13:50:23.070471,9a568f965b302621a9f7e30b3e29765d
557,2,2024-10-30,2006-08-29,2006-08-29,,,2026-07-05 13:49:20.388361,ef77c39ef6d9b989bd5c70f7749edfa3
557,21,2025-10-29,2011-12-14,2010-04-11,,,2026-07-05 13:50:32.876717,f650ba04bcaec6e75963f1c76c05e50b
557,31,2025-11-27,1997-08-20,1979-08-05,,,2026-07-05 13:50:45.636931,6301f44384b3d00e41576bc1e4a2c30f
557,33,2025-11-27,1970-07-09,1970-06-04,,,2026-07-05 13:50:56.937630,77ff96e2b01d6093a1d5db947a0e4ae2
557,4,2026-06-28,,,,,2026-07-05 13:49:31.463389,0270f2739fa60ce2afd11f90842dc3f3
557,6,2026-06-28,,,,,2026-07-05 13:49:42.949398,0270f2739fa60ce2afd11f90842dc3f3
557,8,2022-07-05,,,,,2026-07-05 13:49:54.954294,af9a7da78e579ff4685e8d598205acf5
557,9,2026-02-24,,,,,2026-07-05 13:50:05.093979,041040e6a495b056b2199607e465fe7b
558,1,2026-05-04,1995-05-30,1995-05-30,,,2026-07-05 13:51:08.041162,9a5455bef31853951bd4b4c1bfc1a28f
558,10,2026-02-24,,,,,2026-07-05 13:51:50.665241,1b50b52a57732231da3736ad04ef3bf8
558,12,2026-02-24,,,,,2026-07-05 13:52:01.965866,1b50b52a57732231da3736ad04ef3bf8
558,4,2026-02-24,,,,,2026-07-05 13:51:19.241198,07cc0e7e02d4efae545b0ef355c8e754
558,6,2026-02-24,,,,,2026-07-05 13:51:29.778064,07cc0e7e02d4efae545b0ef355c8e754
558,8,2026-02-24,,,,,2026-07-05 13:51:40.849092,1b50b52a57732231da3736ad04ef3bf8
559,10,2026-01-22,,,,,2026-07-05 13:52:11.914592,8a2e6063e0e664171fab268d03114c6d
559,11,2026-05-12,,,,,2026-07-05 13:52:21.874677,01e29e915c3e022a880997dedb15e0e2
560,2,2025-02-23,,,,,2026-07-05 13:52:32.623276,f38227a6bbecf8ab2e874b9fd5eeafe0
560,3,,1979-06-27,1979-06-28,,,2026-07-05 13:52:43.546746,246d35021de7f9823ebd9596aa10de34
561,2,2025-11-18,,,,,2026-07-05 13:52:54.242324,3515b4df5765e80625883a9de16de9e1
561,21,2024-05-16,1957-05-19,1957-05-19,,,2026-07-05 13:53:25.851190,246d35021de7f9823ebd9596aa10de34
562,5,2025-09-15,,,,,2026-07-05 13:53:35.161195,61620656c38873b2a1dfdccc5cbde703
563,10,2025-07-23,1999-08-31,1998-08-31,,,2026-07-05 13:54:05.528617,4cd8ebffef92cacdbf0a54afad3fa54e
563,18,2025-02-27,2021-04-29,2020-09-10,,,2026-07-05 13:54:16.862099,2501fa81b446ee1a00a3ab5d52f28916
563,20,2026-02-11,,,,,2026-07-05 13:54:26.029114,e326ac75703b47f5c232cddb137a661a
563,24,,,,,,2026-07-05 13:54:40.581844,098c614ec514fa2aace6da8d76d35ff3
563,26,,,,,,2026-07-05 13:54:48.945295,2309a21887c96ee98ddc89ac890e8654
563,3,2025-12-09,,,,,2026-07-05 13:53:44.758326,220ba3935fb37ab228cf48dadf6b1183
563,5,2025-12-10,1969-12-07,1970-03-06,,,2026-07-05 13:53:55.278388,a8a611fcf9eb65e75462b6ddd7a5a232
565,2,2025-06-17,,,,,2026-07-05 13:54:58.947030,a4716c8eee3c6f4544ef99061eea704f
565,3,2026-01-05,,,,2023-10-26,2026-07-05 13:55:09.205777,ea27b9de553527be1a5f8cf407500df2
566,13,2025-12-10,,2000-09-28,,,2026-07-05 13:56:25.099922,028ba6441a62f168bc653068f40fa10b
566,14,2025-11-02,,,,,2026-07-05 13:56:40.279310,9f3585c7fa86ea5f7511dae481d87c86
566,15,2024-04-03,,,,,2026-07-05 13:56:53.839975,bc0c36437bdafe4298139673dc42f190
566,17,2023-03-12,,,,,2026-07-05 13:57:04.260663,fe90255b6d10e240d6b6776e4443c06a
566,18,2025-07-03,1994-01-19,1994-01-19,,,2026-07-05 13:57:15.402962,a1ddf31f9cda47e7371264b46ea6e78a
566,19,2024-12-09,2006-11-14,2006-11-14,,,2026-07-05 13:57:25.505249,3e4ec77b04035b88d5d97c9fed86457c
566,21,2025-02-19,1995-03-23,1994-12-06,,,2026-07-05 13:57:45.108168,4f9d890a07410beca48506896ae93272
566,24,,,,,,2026-07-05 13:57:55.205663,7511e45243d0743335dd6836fbda43d6
566,25,2025-11-06,1999-07-29,,,,2026-07-05 13:58:06.355344,bf068bd5240776348820ce25d7f388fc
566,26,2020-07-07,2010-09-13,2010-08-22,,,2026-07-05 13:58:17.400395,9c5f3f5e92f488c53a4f777e70a6a4af
566,3,2026-01-25,,,,,2026-07-05 13:55:20.585340,8fc45c570c6465f3f01ffe91394d6628
566,30,2025-05-15,1963-08-12,1963-08-12,,,2026-07-05 13:58:27.720400,c3c058e723f203b2ed2b1c7d52f6aa2f
566,32,2024-11-24,1967-10-30,1967-10-30,,,2026-07-05 13:58:37.894421,d8e8e37d613a651d77948c756ca8b403
566,33,,,,,,2026-07-05 13:58:46.587754,1f7d2b4f334e3c611d85e479fbac6f2a
566,34,2025-11-04,2001-12-30,,,,2026-07-05 13:58:57.538507,ace91cbf2f31035b676c73afd5f61ebf
566,35,2025-12-11,,,,,2026-07-05 13:59:08.612713,3371361200cf852fefa8afb754657046
566,38,2023-12-27,,,,,2026-07-05 13:59:19.430896,15475fa1d934ca9bba62a6481485fff3
566,4,2023-09-20,2014-10-05,2015-10-08,,,2026-07-05 13:55:30.747424,e5eaaa6d968fcab9324b1d7d549e2a0b
566,43,2025-06-17,,,,,2026-07-05 13:59:28.707676,a4716c8eee3c6f4544ef99061eea704f
566,45,,,,,,2026-07-05 13:59:38.028897,6da3b1aabf0d4b82eb92d587e9fea0f1
566,46,2026-02-26,,,,,2026-07-05 13:59:48.869931,cc1e8820488fa0ed475c891535a4a57a
566,47,2026-06-23,,,,,2026-07-05 13:59:58.397773,0a43b39d8bc0da74bcb3dd8ced081332
566,5,2026-01-25,,,,,2026-07-05 13:55:41.235418,8fc45c570c6465f3f01ffe91394d6628
566,52,2025-05-28,,,,,2026-07-05 14:00:08.718231,afe96f68e26d0df0755e2f2bc3979819
566,54,2025-02-26,1999-05-12,1999-05-12,,,2026-07-05 14:00:20.349039,e9dbc3e76260de1d3c62c2276d774383
566,6,2023-09-20,2014-10-05,2015-10-08,,,2026-07-05 13:55:51.350224,e5eaaa6d968fcab9324b1d7d549e2a0b
566,60,2026-03-26,,,,,2026-07-05 14:00:30.995315,7564fc5e9a26f812a6d2b27a8efb6095
566,64,2025-04-02,,,,,2026-07-05 14:00:40.780076,3e02dafb213dac02997ad13ed8a0a3dd
566,7,,,,,,2026-07-05 13:56:01.196675,8fc45c570c6465f3f01ffe91394d6628
566,86,2024-04-09,1965-05-23,1965-05-23,,,2026-07-05 14:00:51.880257,f842e0e4d8e46f278468929b4c87bfc5
566,9,2026-01-25,,,,,2026-07-05 13:56:10.289113,8fc45c570c6465f3f01ffe91394d6628
569,4,2025-01-12,,,,,2026-07-05 14:01:01.493299,b1347201c3d3831ca693064a9fdb2cbe
569,6,2025-04-02,,,,,2026-07-05 14:01:13.381222,3e02dafb213dac02997ad13ed8a0a3dd
570,10,2024-09-05,1959-09-30,,,,2026-07-05 14:01:53.713577,1241c0cfd35b53ad8ba742e42580ef1e
570,11,2022-03-16,1994-04-20,1994-04-20,,,2026-07-05 14:02:04.024622,447eddc539320c45eece64b3ddcbbf99
570,12,2025-06-08,,,,,2026-07-05 14:02:13.271986,00ddab83a13e7e718041fbb254a13460
570,13,2025-02-03,,,,,2026-07-05 14:02:23.296545,8d1c8d068ea58bf5780d40fe3ca3e639
570,15,2026-01-22,,,,,2026-07-05 14:02:33.695755,5045ff5ff9f40172f18c0005b0cd2bd6
570,16,2026-05-27,2011-12-18,2011-12-14,,,2026-07-05 14:02:43.349150,1899b143fb8b4567fd0de6ba823ec52c
570,18,2025-11-30,,,,,2026-07-05 14:02:58.155380,4f68f86cae939a942fcad64ee25de1d5
570,5,2025-09-01,,,,,2026-07-05 14:01:23.681593,b3dca155572d474b8a7b142d3e3d7ea0
570,6,2025-09-04,,,,,2026-07-05 14:01:33.480052,3f7d6120377690fb805c77f7c1d29547
570,7,2024-03-11,,,,,2026-07-05 14:01:43.531652,e0206289d359e1ea341d0f3f4dc4d29f
571,1,,,,,,2026-07-05 14:03:08.007250,e0206289d359e1ea341d0f3f4dc4d29f
571,3,2026-06-30,,,,,2026-07-05 14:03:22.057701,4b9948e816ba499638d055a9f5939315
571,5,,,,,,2026-07-05 14:03:33.004709,184f5608e14802af7ee57ab3bf56201f
571,8,2026-02-22,,,,,2026-07-05 14:03:46.644122,fc62ba40a5dd60d63587800c78e27d15
572,1,,,,,,2026-07-05 14:03:55.561803,9ea73cff5246f7062f55ffc2901c608e
572,10,2025-09-17,,2012-09-04,,,2026-07-05 14:05:09.326918,e20ab210afaab6db2ff4ae8b11dc1c78
572,11,2024-03-31,,,,,2026-07-05 14:05:23.721986,9087deff2d151889e5561361f188a634
572,12,2023-03-22,1996-08-28,1996-08-21,,,2026-07-05 14:05:38.720488,8846dd88e6f02c831be32383f10e7838
572,13,2026-03-12,1991-12-19,,,,2026-07-05 14:06:01.279862,da59736a21fd5c2bd88d830b2d4312cb
572,15,2025-05-15,,,,,2026-07-05 14:06:17.118013,ba09e715ea184c3a82db990c9f390ddb
572,3,,,,,,2026-07-05 14:04:07.541203,9ea73cff5246f7062f55ffc2901c608e
572,7,2024-07-15,1959-10-22,,,,2026-07-05 14:04:24.272052,152c3939972d177090727296714c98ae
572,8,2025-10-28,2011-06-12,2011-06-05,,,2026-07-05 14:04:39.667695,4898c613841eaf43f6c2a7777c73a7fc
572,9,2024-07-15,2009-11-22,2009-11-16,,,2026-07-05 14:04:54.838309,36c2087c8b4e7c6ea3387714a1d7e308
573,1,2025-09-16,2017-11-07,2017-10-29,,,2026-07-05 14:06:32.965051,6a7849067fa0a46182376dc910831e20
573,10,2023-03-12,,,,,2026-07-05 14:07:38.358282,fe90255b6d10e240d6b6776e4443c06a
573,3,2026-03-24,,,,,2026-07-05 14:06:45.250293,ac8780d5d1cb5d4cf3cd6c63f032c57a
573,4,2024-06-06,,2020-09-10,,2024-09-08,2026-07-05 14:06:56.570219,6f7fa91d41cb02b807b7896b4f2c65a3
573,6,2025-05-15,,,,,2026-07-05 14:07:06.983328,ba09e715ea184c3a82db990c9f390ddb
573,8,2023-03-22,1996-08-28,1996-08-21,,,2026-07-05 14:07:17.491423,8846dd88e6f02c831be32383f10e7838
573,9,2024-12-09,2006-11-14,2006-11-14,,,2026-07-05 14:07:28.476253,3e4ec77b04035b88d5d97c9fed86457c
574,10,2026-01-25,,,,,2026-07-05 14:08:08.532018,8fc45c570c6465f3f01ffe91394d6628
574,12,2025-07-03,1994-01-19,1994-01-19,,,2026-07-05 14:08:19.625552,a1ddf31f9cda47e7371264b46ea6e78a
574,3,,,,,,2026-07-05 14:07:47.239465,9ea73cff5246f7062f55ffc2901c608e
574,8,2026-01-25,,,,,2026-07-05 14:07:57.170709,8fc45c570c6465f3f01ffe91394d6628
578,13,2025-02-02,,,,,2026-07-05 14:08:43.358078,2e30bf9fa015d17eae0fca73c16c89c1
578,15,2025-02-02,,,,,2026-07-05 14:08:56.023372,21f3e52f49fac01a841f60d8286d38bf
578,17,2025-11-09,,,,,2026-07-05 14:09:06.046683,eca5a25f8d23e25d022a7bacc483ec2e
578,19,2025-11-23,,,,,2026-07-05 14:09:16.520786,1cc84a53bf6a706b7ff401c8a5fb1b92
578,21,2024-12-15,2022-01-02,2021-12-29,,,2026-07-05 14:09:26.271367,f073394f61d3ef4f093d44dfd9702e68
578,9,2025-09-11,1958-12-19,1958-12-19,,,2026-07-05 14:08:33.179721,a2d63307c93558dc1f5d14b55c84286e
579,1,2025-09-19,,,,,2026-07-05 14:09:36.332213,1e216b87711f430892d8327f6836852e
579,10,2026-06-28,,,,,2026-07-05 14:10:08.586054,c991125558820232c4dfd68e60ed57be
579,12,2026-06-28,,,,,2026-07-05 14:10:18.616115,933663126638edc009120b6a004c7fa6
579,14,2026-06-28,,,,,2026-07-05 14:10:29.869058,78e54939a15580c76b5691949b2fdf0c
579,16,2026-06-28,,,,,2026-07-05 14:10:42.366833,933663126638edc009120b6a004c7fa6
579,2,2024-04-17,,,,,2026-07-05 14:09:47.615872,0ef825a695c19837a6086e71a5f31687
579,22,2026-03-10,,,,,2026-07-05 14:10:53.075804,9bc8fada788977c1e88ec8544fc032d5
579,34,2023-10-30,,,,,2026-07-05 14:11:05.053130,2ff4486ab6d1d08a14d16fc9d596baba
579,36,2025-09-09,,,,,2026-07-05 14:11:21.973313,2d74f379c90922b77ef0e744d206681c
579,6,,,,,,2026-07-05 14:09:58.295406,d72543442c3018f258b0b3fd81c2e444
580,1,2026-03-10,,,,,2026-07-05 14:11:34.921675,9bc8fada788977c1e88ec8544fc032d5
580,11,2024-06-30,2021-04-26,2021-04-18,,,2026-07-05 14:12:41.416874,211af9f14f1df815c646bbe60ffc470a
580,13,2024-07-29,2021-04-26,2021-04-25,,,2026-07-05 14:12:54.657373,211af9f14f1df815c646bbe60ffc470a
580,15,2026-04-28,,,,,2026-07-05 14:13:03.938240,b8a7f291093c40cdab3ce70d021c8559
580,17,2026-06-09,,,,,2026-07-05 14:13:14.637732,91fe9c4d702178e1bbb663cc68cb0910
580,3,2025-07-24,2011-12-28,2012-05-30,,2013-05-09,2026-07-05 14:11:51.113713,68fa1efc7eab6a073f2a16195b35bee8
580,4,2026-06-28,,,,,2026-07-05 14:12:05.484555,933663126638edc009120b6a004c7fa6
580,5,2026-05-13,,,,,2026-07-05 14:12:19.564470,9908328616194abad2e02dfc2d40340e
580,9,2025-02-09,,,,,2026-07-05 14:12:29.910930,2a9e4137e6973091e02e15f4b884ff1c
581,10,2026-04-26,,,,,2026-07-05 14:14:04.035850,7991d433a2adb47c31c5948a45939277
581,12,2026-04-26,,,,,2026-07-05 14:14:15.560363,51a0aef93594a1acf2840daeb177f117
581,2,,,,,,2026-07-05 14:13:22.936641,d72543442c3018f258b0b3fd81c2e444
581,6,2024-04-17,,,,,2026-07-05 14:13:32.754381,33baf44fe371812c48831313692c4d59
581,7,2025-02-21,,,,,2026-07-05 14:13:43.064397,f6914263006a28cfa0465890144ed215
581,9,2025-02-21,,,,,2026-07-05 14:13:53.688534,b0469c0610583d9cc2feaf78f379c2b8
582,1,2025-11-25,,,,,2026-07-05 14:14:25.631549,aefbe629cc85c6e4bb2ddf7921ddb084
583,10,2026-06-14,,,,,2026-07-05 14:15:09.611093,e79291e2f856d2222ec94189b7691913
583,3,2023-09-05,2019-09-09,2020-09-30,,2023-09-21,2026-07-05 14:14:35.881831,24361663dd710efae7cbb3e823c25b59
583,5,2024-08-15,,,,,2026-07-05 14:14:46.817891,bf796c47e9cc5a034c173d9a59c60035
583,6,2026-03-15,,,,,2026-07-05 14:14:58.648297,faf0d4dc5a5cde1709131faa5693aa63
584,11,2025-12-04,,,,,2026-07-05 14:15:51.582834,32b5f2c04ec9644b816b2295c72538d7
584,21,2025-07-28,,,,,2026-07-05 14:16:00.957033,2a16a00761dc2537f39f322f66e9416d
584,23,2026-01-01,,1967-09-05,,,2026-07-05 14:16:09.975532,0bbc544e8d0d7e17837b5bf274388fca
584,28,2025-07-02,,,,,2026-07-05 14:16:19.965689,27b633465f2fc940e2cb0752b5d067f6
584,29,2024-09-26,,,,,2026-07-05 14:16:30.560434,0ee762cf1377a600030013db537bd069
584,30,2025-03-31,,,,,2026-07-05 14:16:43.161493,df0a47a40f20ed0c574dcc29981410db
584,31,2024-11-19,1979-10-05,1979-10-05,,,2026-07-05 14:16:53.749256,94b5a890e5126a5d1cba98c6b66d616c
584,32,2020-01-07,2020-02-10,2016-12-11,,2021-11-18,2026-07-05 14:17:05.112029,1065e1c3534c36c2234c7fef9fddd8cf
584,33,2024-03-05,,,,,2026-07-05 14:17:16.183790,e1ee9907c26131e99559e013ca6b8289
584,34,2025-11-27,,,,,2026-07-05 14:17:28.040643,41d5b519d5d650f7f75d1699da79ce52
584,35,2024-03-05,,,,,2026-07-05 14:17:40.035879,6d0804b92fa343a6657d80edefabbc3e
584,36,2025-01-19,,,,,2026-07-05 14:17:50.610273,a89e950ab70590d88234b05cf0209e81
584,38,2025-01-19,,,,,2026-07-05 14:18:00.197293,185dc88f4e5706bff71cbbccd15e77cb
584,4,2025-10-22,1999-11-08,1999-11-08,,,2026-07-05 14:15:20.941261,717cce627e2ed151318c42b363d6f524
584,42,2026-05-10,,,,,2026-07-05 14:18:09.350304,5d850da69b527c7d18e84db0cf2b4d13
584,7,2026-06-18,,,,,2026-07-05 14:15:31.605458,bdc36d254b00f469b96c5517d28012ab
584,9,2025-12-04,,,,,2026-07-05 14:15:42.432702,074d709d9d044674f76739a27af4a6d2
597,1,2025-11-17,,,,,2026-07-05 14:18:19.657357,732ca88cd1371a646c6a7b75dc5452dc
597,10,2025-11-20,,,,,2026-07-05 14:18:39.513347,11fc80a0ddf16cf0b4ac72a76b116e37
597,11,2025-05-05,1971-05-12,1972-05-12,,,2026-07-05 14:18:48.784861,3d4cd1a4abedd43cf184a75cd70d32ff
597,12,2025-05-25,,,,,2026-07-05 14:18:58.216362,5e2c8d564512799bc53dbe2ae1132839
597,13,2024-09-18,,,,,2026-07-05 14:19:08.662131,47447bc68910ed7f3d2a414236ed59c9
597,14,2025-05-25,,,,,2026-07-05 14:19:18.666687,c52301a32cc519c2cfda1a06827ca944
597,16,2024-11-04,1964-11-12,1964-11-12,,,2026-07-05 14:19:28.139965,8e60df27a6fba84bcd28cc6b1f85d68e
597,17,2025-11-24,,,,,2026-07-05 14:19:38.248387,58ab645052d5674500d819ba040bbdb6
597,18,2024-11-04,,,,,2026-07-05 14:19:48.517372,9b90c574b0585206d76963cdefa863e5
597,21,,,,,,2026-07-05 14:19:56.653847,8442f7696b8a40f10a34e6e46c6b3216
597,22,2026-01-25,1995-07-31,1995-07-31,,,2026-07-05 14:20:05.599714,7addcfc316b3329d8ddd9b971378720b
597,8,2025-11-25,,,,,2026-07-05 14:18:29.639568,04f892cd0d3ac4573d37e8b456037222
598,10,2025-10-16,,1995-07-10,,,2026-07-05 14:21:03.779816,47b25d8d31795c478be60c467592c5b0
598,11,2024-02-21,,,,,2026-07-05 14:21:13.267115,26066eb9589a17d3f8c311067a59d69d
598,12,2025-09-15,,,,2008-07-28,2026-07-05 14:21:22.809515,3910d6b73ee23f4454a6ebbed46b7f1f
598,2,2026-05-10,1994-10-12,1994-10-12,,,2026-07-05 14:20:15.315143,116cea84c4dc78b0e796e528a18c5ac2
598,5,2024-01-18,1966-11-24,1966-11-24,,,2026-07-05 14:20:25.353803,80d385815c961094fe61bc1b6758eda4
598,7,2024-02-21,,,,,2026-07-05 14:20:34.871463,97df6c8d24b29d1afe6676e9eed62bdd
598,8,2025-09-02,1989-02-14,1989-12-04,,,2026-07-05 14:20:44.980625,b0599effd615de1b63fedb74bbc3cb09
598,9,2024-02-21,,,,,2026-07-05 14:20:54.050268,26066eb9589a17d3f8c311067a59d69d
599,12,2025-09-28,,,,,2026-07-05 14:21:41.652252,14723dedd1d5bc0892173c914cf29381
599,6,2025-10-20,1981-07-03,1980-10-10,,,2026-07-05 14:21:31.773123,eebc50d8cd8a13c4b413d8682deab898
600,19,2026-02-22,,,,,2026-07-05 14:21:52.249348,2f6f5f80fd58a8f8241d20bbfe0bc80e
600,21,2023-06-21,,,,,2026-07-05 14:22:01.987900,97481900f2ad4aa2a9cf9a6d32b90ad9
600,23,,1969-05-22,,,,2026-07-05 14:22:11.949207,97481900f2ad4aa2a9cf9a6d32b90ad9
600,35,2025-08-04,2001-07-09,2001-07-09,,,2026-07-05 14:22:22.034358,789e48fac7d2cfd733edd9c7bc01582e
600,40,,,,,,2026-07-05 14:22:31.810279,732ca88cd1371a646c6a7b75dc5452dc
600,47,2025-11-23,,,,,2026-07-05 14:22:41.665866,5df5ff9f284af8d71264e5f7a1efaee5
600,49,2025-01-21,1977-02-24,1977-02-23,,,2026-07-05 14:22:51.164040,5cedff64c1d6bc77f5740ea8405664ef
601,14,2025-11-25,,,,,2026-07-05 14:23:21.678363,04f892cd0d3ac4573d37e8b456037222
601,6,2026-01-01,,,,,2026-07-05 14:23:01.240975,72a993bc0e157190ba4fd5251163d80c
601,8,2026-05-10,1994-10-12,1994-10-12,,,2026-07-05 14:23:12.099499,116cea84c4dc78b0e796e528a18c5ac2
609,10,2026-05-27,1970-03-05,1970-02-12,,,2026-07-05 14:24:02.905208,31e3696f8d1a3915ddcbb37ae302fc7c
609,2,2025-01-19,,,,,2026-07-05 14:23:31.786475,185dc88f4e5706bff71cbbccd15e77cb
609,8,2026-05-27,,,,,2026-07-05 14:23:42.044179,392c7d9b0e4f1686928955a4f6095a17
609,9,2025-04-28,1966-03-27,1966-03-27,,,2026-07-05 14:23:51.551868,1eb73b43a7d8ecf49e6e50c03c4ce944
610,1,2025-11-27,,,,,2026-07-05 14:24:13.229857,41d5b519d5d650f7f75d1699da79ce52
610,2,2020-01-07,2020-02-10,2016-12-11,,2021-11-18,2026-07-05 14:24:23.145377,1065e1c3534c36c2234c7fef9fddd8cf
610,3,2026-03-08,1980-06-09,,,,2026-07-05 14:24:32.864514,93d661b6cf937c547f864f1fe9b6e3a8
610,9,2025-11-16,,,,,2026-07-05 14:24:42.747451,a55a1434b17aeffe02b386c8c6c2d8fc
615,1,2024-12-15,,,,,2026-07-05 14:24:51.445423,b78ac6508ae7d979dfcbaba874d821af
615,2,,,,,,2026-07-05 14:24:59.719690,ad2d42d71bce6eb9d0ec6193353d8c25
622,4,2024-03-05,,,,,2026-07-05 14:25:09.889372,3df276b871ae726b79d157ec32ad5bc4
623,1,2026-04-27,,,,,2026-07-05 14:25:20.632607,4077696b81b2940fc7363c855131412a
623,3,2025-04-29,1989-11-19,1989-11-19,,,2026-07-05 14:25:29.845422,96e1c92c8950ca104553366ee00bd10c
626,40,2026-01-28,,,,,2026-07-05 14:25:39.237394,46cc0f14ed36284f0d0e92b8153e853a
626,42,2026-01-28,,,,,2026-07-05 14:25:49.485324,46cc0f14ed36284f0d0e92b8153e853a
633,3,2025-07-24,,,,,2026-07-05 14:26:20.942325,7e5683ecc8274fe3f0c551530a5b5e53
633,5,2025-07-24,,2004-03-03,,,2026-07-05 14:26:35.256022,0b9a48361e65ed5770b662172806062b
635,62,2025-02-27,,,,,2026-07-05 14:26:46.591181,1b54d0e480ce71eae87acbcbe82e613e
635,70,2024-03-03,2003-04-10,2003-04-13,,,2026-07-05 14:26:56.241300,8a7b1bec53da913ca4f32d10a9fc5021
635,83,2025-12-07,,,,,2026-07-05 14:27:09.843614,3cda3e6e183d0df2b5fae6d251087dc8
635,87,2025-12-03,1964-01-24,,,,2026-07-05 14:27:19.885696,82586c23ee1d1a0d9145896401a4805f
635,89,2025-05-07,,,,,2026-07-05 14:27:31.653141,2732fbb503aef2d6fb35aee002f4a0e9
637,10,2026-03-15,,,,,2026-07-05 14:27:51.912998,61c03cd2cbb373dbe845c70aea1b78f0
637,12,2026-06-15,,,,,2026-07-05 14:28:02.018701,b2f93e42d72f69f092844ba571302dc4
637,14,2026-06-17,,,,,2026-07-05 14:28:12.186720,3785bdb397efd008c740057b274b8652
637,16,2025-02-05,,,,,2026-07-05 14:28:21.527246,e6629da444f2e7cf078e3cfb2eb99b79
637,17,,,,,,2026-07-05 14:28:29.761942,ffc51d6e0c8aeebc99a742da01f5a4cc
637,20,2025-11-12,,,,,2026-07-05 14:28:39.787468,702cc8b8d831b6fbe648cba280e041a8
637,22,2025-11-23,,,,,2026-07-05 14:28:48.620486,1551703f5a0f60e76bfa416d7da03ac1
637,23,,,,,,2026-07-05 14:28:58.423588,ba05a3bce3c9668991f62aa8dc40a770
637,28,2025-11-23,,,,,2026-07-05 14:29:08.116805,8d578cc32e412855f23da1a87d27aa0a
637,31,2024-05-12,2000-09-12,2000-09-12,,,2026-07-05 14:29:17.988423,63b5b3bcf7bade8e7e7fdbcde0e49278
637,37,2025-05-21,,,,,2026-07-05 14:29:27.798057,2b3ebbfb947426bb5e2841742782bac8
637,8,2025-09-18,,,,,2026-07-05 14:27:42.553032,f7b4b69c0dc0433036f7ffe1fb13036e
640,11,2026-03-12,2013-07-18,,,,2026-07-05 14:29:56.426190,242fb636c14c1c9156fe339a52442e27
640,13,2026-04-05,,,,,2026-07-05 14:30:05.484248,bf081697d474b2b5b5b904df373d202c
640,3,2025-08-18,2002-01-28,2002-11-26,,,2026-07-05 14:29:37.815229,2008e9b57c1ed917fb6a283995031e0d
640,5,2025-08-18,,,,,2026-07-05 14:29:47.134680,2008e9b57c1ed917fb6a283995031e0d
641,2,2025-07-24,,,,,2026-07-05 14:30:16.246581,7e5683ecc8274fe3f0c551530a5b5e53
642,2,2025-08-18,2002-01-28,2002-11-26,,,2026-07-05 14:30:25.899023,2008e9b57c1ed917fb6a283995031e0d
642,4,2025-08-18,2001-10-31,2001-10-31,,,2026-07-05 14:30:36.619323,65b3fbf36a13404fbd27ea2191310e63
642,6,2025-08-18,,,,,2026-07-05 14:30:46.350857,765fde02ab8e029027db12c47014e02c
643,1,2025-08-18,,,,,2026-07-05 14:30:56.366058,2008e9b57c1ed917fb6a283995031e0d
643,3,2025-08-18,1999-07-11,1999-07-11,,,2026-07-05 14:31:06.106331,45e658e39e782f0b9c5cf196ade044d0
643,5,2025-08-18,,2008-03-03,,,2026-07-05 14:31:16.304323,de82f14afe5281fbc3cb6df732ed04fd
644,168,2026-06-01,,,,,2026-07-05 14:31:26.628816,4881477844a18de0106366a160546f15
646,9,2025-09-14,,,,,2026-07-05 14:31:36.385568,c1d9081d3485eed0e2363402172506eb
647,19,2023-03-12,,,,,2026-07-05 14:31:46.810804,a183b92e06b542d5f41e4fa72667bfab
647,21,2025-09-04,,,,,2026-07-05 14:31:56.926812,9d8f7a91d86dacf5a9441957787186d1
647,48,2025-09-18,,,,,2026-07-05 14:32:06.879513,f7b4b69c0dc0433036f7ffe1fb13036e
647,50,,,,,,2026-07-05 14:32:15.339340,ffc51d6e0c8aeebc99a742da01f5a4cc
647,52,,,,,,2026-07-05 14:32:23.379076,5f1cc1b11978b0082b2eeb99509eec3e
647,54,2026-01-18,,,,,2026-07-05 14:32:33.551210,8b05cb2235306be9d848eae808becd5c
647,56,2026-03-22,2020-04-02,2020-04-05,,,2026-07-05 14:32:43.178200,5ad8e432c2f8868d3c8e28c489bcd5b1
647,58,2026-05-03,,,,,2026-07-05 14:32:53.186484,199f9d424d9b1e5c75d1fe9a530808fa
647,60,,,,,,2026-07-05 14:33:01.136704,a5ed44afb51b002f6b23a7c1fe94fb12
653,12,2026-04-27,,,,,2026-07-05 14:33:09.676857,0686f884594153a43b8a6806ee7136cb
653,14,2026-04-27,,,,,2026-07-05 14:33:20.447722,0686f884594153a43b8a6806ee7136cb
654,1,2025-07-24,,2004-03-03,,,2026-07-05 14:33:29.309815,0b9a48361e65ed5770b662172806062b
654,3,2025-04-23,,,,,2026-07-05 14:33:39.396287,037afbb6b82e5668c94a48658ca21ede
655,4,2025-04-23,,,,,2026-07-05 14:33:49.007693,037afbb6b82e5668c94a48658ca21ede
656,2,2024-08-01,,,,,2026-07-05 14:33:58.484997,b684ff5a5b66cf023b8362144f406abc
656,3,2024-06-27,,,,,2026-07-05 14:34:09.400893,60aeecc642043eab3923d4a72f2c0872
656,4,2026-06-04,,,,,2026-07-05 14:34:19.465256,d65e5596d69345e5e73a0ae9313e579f
658,11,2023-09-20,,,,,2026-07-05 14:34:30.460089,a18ea2b5511c697d2dca40ae02328174
658,13,2023-09-20,,,,,2026-07-05 14:34:39.972202,80a3ec6bfedf242846608609b0dfad10
661,1,2026-06-01,2013-06-27,2013-06-26,,,2026-07-05 14:34:50.994685,51cf6570030a405f7374e289feb3dc6d
661,17,2024-12-20,,,,,2026-07-05 14:35:00.530221,a0ac1ac4dbd5b83eb53e69a9bd76c1b4
661,19,2026-03-25,,,,,2026-07-05 14:35:11.039481,cf1c114d00d84aa978708a7e2ae049bf
661,21,2024-01-02,,,,,2026-07-05 14:35:20.531526,6a4a29f3663fdf4af422751fba7a16d8
661,24,2026-06-11,2007-12-26,2008-02-26,,,2026-07-05 14:35:29.100451,6716de4e1fd5aeb05ee3bfa640b9ec97
661,26,2025-04-21,2015-10-13,2015-10-08,,,2026-07-05 14:35:39.039125,dc85a73c0a0aaeb52603086717063311
661,28,2026-06-17,,,,,2026-07-05 14:35:48.171133,8632e77ae8e20c49278d275d8c6ff34b
661,30,2023-09-05,,,,,2026-07-05 14:35:56.925428,6b7cadd5a18cc741d8b2c520749d7627
661,31,2026-05-24,,,,,2026-07-05 14:36:06.467427,3b2763765df638c998a92fb3dc5b8485
661,34,2025-07-03,,,,,2026-07-05 14:36:17.392322,3d90b18af40fb68fe4b9c37f3561bcda
661,36,2024-10-27,,,,,2026-07-05 14:36:26.864588,621c2ceeab19cf32bd7bb3fda0ef4bd2
661,39,2023-06-25,2020-09-15,2020-09-14,,2023-09-21,2026-07-05 14:36:37.459866,fa5684df5a2dab4adfb4bd2abaa5979c
663,13,2025-05-07,,,,,2026-07-05 14:37:16.934377,0e70279dec3f18166accc97c54efd249
663,15,2024-07-17,2021-03-18,2020-07-21,,,2026-07-05 14:37:26.720751,512c17338330dd7e91485cab0bf1c3d4
663,4,2026-06-09,1977-02-23,1977-02-23,,,2026-07-05 14:36:46.668629,ab1a638c883e70e287287160bda80fbe
663,5,2025-01-05,2008-12-11,2008-09-15,,,2026-07-05 14:36:57.139438,36ec9b0fdd471447190e6bbe99466bdd
663,8,2025-06-29,1950-08-31,,,,2026-07-05 14:37:07.656023,f5f5679238592aad2599ba1179674341
665,7,2025-03-02,,,,,2026-07-05 14:37:36.236076,d3df84307c58db7b7d2354298bc8860a
667,2,2025-06-29,1950-08-31,,,,2026-07-05 14:37:46.065082,f5f5679238592aad2599ba1179674341
667,3,2024-01-02,,,,,2026-07-05 14:37:55.912195,6a4a29f3663fdf4af422751fba7a16d8
667,4,2026-03-25,,,,,2026-07-05 14:38:05.584921,cf1c114d00d84aa978708a7e2ae049bf
671,11,2025-03-16,,,,,2026-07-05 14:38:53.060029,7c96c478c4128a713d030ea57c009ee8
671,17,2025-10-22,,,,,2026-07-05 14:39:03.488228,3beeed9748cdd8a902a3323a49c876ea
671,18,2026-01-07,,,,,2026-07-05 14:39:13.984091,361b91fe145b01af03d5a66798c6d6d7
671,19,,,,,,2026-07-05 14:39:22.299722,325faaada42442779ab58f73378eecb5
671,2,,,,,,2026-07-05 14:38:12.984363,f05d3ff80bef60e6d40be1090512aee3
671,20,2026-01-07,,,,,2026-07-05 14:39:38.547300,4c2c96184174abac42a66ee9dd164e54
671,22,2026-01-07,1972-05-05,,,,2026-07-05 14:40:00.999046,861d892a0e8d19ad40c467e535c61453
671,29,2025-04-20,2010-05-16,2010-05-13,,,2026-07-05 14:40:11.172772,3b0daff535b3e34a3bf9e137a2780645
671,32,2025-12-22,,,,,2026-07-05 14:40:20.663443,45edd649e9e9c191691d34296288994d
671,4,2025-01-20,,,,,2026-07-05 14:38:23.931319,140e963454b049a6c99d0f0350deff1e
671,5,2024-03-17,2013-09-03,2013-08-29,,,2026-07-05 14:38:33.718926,3359b0f808175598370178a9597af5c0
671,7,2025-02-19,,,,,2026-07-05 14:38:42.460416,0e2cd4f0e5664f2b705f06c2f031dc22
672,1,2025-02-24,,,,,2026-07-05 14:40:31.072499,22b250a3e74906b7e41b917a41ca166a
672,11,,,,,,2026-07-05 14:41:11.020975,a19b984d368ee42a0331fd1e1d46d238
672,13,,,,,,2026-07-05 14:41:16.746364,bdf9b7f153f4025b0c2f6238a5869873
672,14,2025-10-21,1995-01-31,1995-01-31,,,2026-07-05 14:41:30.565221,ae36950a09342c937a7d812104a54e02
672,2,2024-11-24,,,,,2026-07-05 14:40:40.922028,37e720f2fd2375b6ddbf18bc3deb7f8e
674,2,2025-07-21,,,,,2026-07-05 14:41:42.959470,33419b295ec8ca79543d72476a60e029
674,4,2025-03-03,2002-02-14,2002-02-14,,,2026-07-05 14:41:52.316849,2e6b4290ed022b9382c716577f915c3f
674,5,2023-12-18,1955-02-03,1955-02-03,,,2026-07-05 14:42:04.272056,029c9bdec17549057e3e1930c5b3c9de
675,10,2023-06-25,2020-09-15,2020-09-14,,2023-09-21,2026-07-05 14:42:47.182875,fa5684df5a2dab4adfb4bd2abaa5979c
675,11,2025-06-30,1991-11-26,1991-11-26,,,2026-07-05 14:42:56.361518,374b048b256ed298b94a6dfb1838be08
675,12,2024-10-27,,,,,2026-07-05 14:43:05.607395,621c2ceeab19cf32bd7bb3fda0ef4bd2
675,14,2025-07-24,1962-06-25,1962-06-25,,,2026-07-05 14:43:19.250325,e229483169ee7f78d433826463aee3a0
675,15,2023-07-25,2009-05-04,,,2009-03-12,2026-07-05 14:43:35.790283,5ad64585f02183a55126ee2e06db1af1
675,17,2024-08-05,,,,,2026-07-05 14:43:52.122501,9a832761d9b95241a4f54501183085ea
675,2,2024-08-21,2021-04-18,,,,2026-07-05 14:42:15.873901,f2482e1a54e001393b637227dfe05bce
675,4,2026-06-16,,,,,2026-07-05 14:42:26.798441,6ffbc14a325c4f575e183615399c570a
675,9,2024-08-12,2009-07-07,2009-07-01,,,2026-07-05 14:42:37.040520,67d288e696b483c398a6306d2056f561
676,12,2025-07-28,,,,,2026-07-05 14:44:08.541833,a672910c4e993f2e8a6a9ad9befd747e
676,20,2023-03-06,2008-06-30,2008-06-29,,2010-06-09,2026-07-05 14:44:25.237498,0fdddcba45fe16e8c9b53a7164933ffb
676,22,2023-03-06,2008-06-30,2008-06-29,,2010-06-09,2026-07-05 14:44:37.946718,0fdddcba45fe16e8c9b53a7164933ffb
677,12,2023-10-24,1993-07-06,1993-07-06,,,2026-07-05 14:44:53.144377,9cf39877e4c6070143c6f722bc9fae60
677,14,2024-09-10,,,,,2026-07-05 14:45:07.789576,74001601bb8cb201461884c8da767832
677,16,2026-05-03,,,,,2026-07-05 14:45:22.567535,98165e5b46037a0eb99c19f61b7cfab9
677,18,2025-10-21,1995-01-31,1995-01-31,,,2026-07-05 14:45:36.686994,ae36950a09342c937a7d812104a54e02
678,16,2025-07-02,1962-06-22,1962-06-12,,,2026-07-05 14:46:02.291827,030e3b39a59c3531bf43afc700af3260
678,2,,,,,,2026-07-05 14:45:47.936548,2371e8b1bbd578b260a41e45f126d277
679,1,2024-08-28,,,,,2026-07-05 14:46:23.120790,81a098138d00f789b081458c8f0325ca
679,10,2025-10-26,,,,,2026-07-05 14:48:06.564871,6adba1dacbb8c9b073615300d2ddbf34
679,11,2026-06-14,,,,,2026-07-05 14:48:17.199616,f554b673e6e90327896c765111976b69
679,13,2025-02-05,,,,,2026-07-05 14:48:27.376555,119f99fdb3958b04d13d687f2f307525
679,19,2025-06-03,,1999-04-29,,,2026-07-05 14:48:41.247985,c2fddc9a058ad413293944b6329f1960
679,20,2025-11-05,1961-01-17,1961-01-17,,,2026-07-05 14:48:52.956843,8c159a12b7e3de178d9fb649d61cbd07
679,21,2025-02-17,,,,,2026-07-05 14:49:04.915219,c44f375be1493a022b6c6f5271e950d1
679,22,2025-11-05,,,,,2026-07-05 14:49:17.424619,f73e36a8e4468bd1bd4e26641d669a12
679,23,2025-07-01,1954-03-28,1954-03-28,,,2026-07-05 14:49:28.704834,3465bb71509b2952b5570c7b0dfa09b6
679,24,2025-10-19,,,,,2026-07-05 14:49:39.209491,1860361eb9df53f162936fe3735c1d62
679,25,2025-05-19,2007-05-31,2007-05-27,,,2026-07-05 14:49:49.457979,84409cb466626c9fc8459e690dadc067
679,26,2024-11-24,,,,,2026-07-05 14:49:59.472252,37e720f2fd2375b6ddbf18bc3deb7f8e
679,27,2025-01-09,1956-02-01,1956-02-01,,,2026-07-05 14:50:09.465053,207eccf664a30524ac0d8086366c1592
679,28,2025-02-24,,,,,2026-07-05 14:50:25.652980,22b250a3e74906b7e41b917a41ca166a
679,29,2026-03-22,,,,,2026-07-05 14:50:35.010815,7a8b9c2c8f746ed2900b41c6b3ddaa19
679,3,2026-06-03,,,,,2026-07-05 14:46:35.442533,e574b8f3e63ddb297672bb099ccdc143
679,37,2025-01-20,,,,,2026-07-05 14:50:46.764591,140e963454b049a6c99d0f0350deff1e
679,4,2025-07-21,,,,,2026-07-05 14:46:53.489769,33419b295ec8ca79543d72476a60e029
679,5,2026-06-03,,,,,2026-07-05 14:47:12.128369,460000b8e092f8bcd2683791861b9ec7
679,7,2026-05-10,2004-11-16,2004-11-16,,,2026-07-05 14:47:26.798246,e71a96c96079fb089cc99d83af809c12
679,8,2026-04-13,1995-11-30,1993-11-30,,,2026-07-05 14:47:40.143426,7bcf29ee38ae1fa094d03a65d68b0d72
679,9,2024-10-22,,,,,2026-07-05 14:47:55.621714,6ce8776f0e61dc59c268920d05816270
680,10,2025-01-08,,,,,2026-07-05 14:52:17.936280,3bf3d1edec238ca1f8c596f6a01e90ae
680,3,2025-05-25,2003-10-22,2003-10-22,,,2026-07-05 14:50:57.240695,ce6523ccd42875ea1a95570dbce193e9
680,4,2024-08-21,2021-04-18,,,,2026-07-05 14:51:08.593861,f2482e1a54e001393b637227dfe05bce
680,5,2023-08-27,,,,,2026-07-05 14:51:21.114610,029566379aa3b4311bc4a406ced8ed63
680,7,2024-11-14,,,,,2026-07-05 14:51:31.855397,08c662c8ae9815efce6dd11e3bed8df7
680,8,2026-01-12,,,,,2026-07-05 14:51:47.303430,11d0204cb9de32fae9cb7b62af262a6b
680,9,2021-01-12,,,,,2026-07-05 14:52:03.331913,9af6d08416771f14af7061bee83c8f1d
681,1,2025-01-01,,,,,2026-07-05 14:52:33.587216,4286b4b61b2d9d74384720229a5544ec
681,14,2025-08-04,2008-02-04,2008-02-04,,,2026-07-05 14:53:48.019014,7079c37dbe406a1b63a4db538145c6c3
681,2,2026-03-11,,,,,2026-07-05 14:52:46.106576,c58b9233a7aabd110bcef36f82ce447d
681,3,2025-01-01,,,,,2026-07-05 14:53:02.325422,226729d511ff9b7d92c2bb7545ceb247
681,5,2025-01-01,1991-02-27,1991-02-27,,,2026-07-05 14:53:15.930236,fdc91872f34e408f733c4e69851840ef
681,9,2024-04-15,,,,,2026-07-05 14:53:33.157159,2ff77e56f42e4884a272b1d9219a8c15
687,3,2025-11-20,,,,,2026-07-05 14:54:02.673545,69f7a7ab81926511e3e94f3a533565e8
687,6,2023-09-05,2019-09-09,2020-09-30,,2023-09-21,2026-07-05 14:54:16.079853,24361663dd710efae7cbb3e823c25b59
687,7,2025-12-24,,,,,2026-07-05 14:54:28.369052,d45f907426504b614573988ae0f9d7b1
687,9,2024-08-15,,,,,2026-07-05 14:54:39.189439,bf796c47e9cc5a034c173d9a59c60035
688,1,2025-11-09,,,,,2026-07-05 14:54:49.580134,763ec58971e1b216446b6daadd00ae53
689,10,2023-03-05,2020-09-03,2020-08-17,,2021-07-27,2026-07-05 14:55:00.683376,c9fd7d79dc5612083234b0d126c390ee
700,17,2026-02-12,,,,,2026-07-05 14:55:10.139635,847e54b4958f1254338853aea46e5d03
700,19,2025-08-28,,,,,2026-07-05 14:55:20.489552,6105bd9799971e36721a28327c06aaa0
700,25,2026-03-16,,,,,2026-07-05 14:55:31.188129,c988806de43fc79150aee046ace75230
700,27,2024-12-02,2012-02-14,,,,2026-07-05 14:55:42.105920,a70c6fdb2c596b96697cc0d3cfdf56a2
701,26,2025-02-02,,,,,2026-07-05 14:55:51.643508,f22c99d43fa52fc28f35f1cc5bfdef8c
701,28,2025-12-17,,,,,2026-07-05 14:56:01.163418,c103b86b067b7fbd4ff6ceaaaf60a505
701,34,2025-01-30,,,,,2026-07-05 14:56:11.169918,3b0f044140ebddc4049239dbb215e1a5
702,28,2024-04-17,2013-01-23,2013-06-12,,,2026-07-05 14:56:20.843934,1898685706ee8af542ad6de12b47dae8
702,30,2024-04-17,,,,,2026-07-05 14:56:30.900016,72ed5329124b0169e8410511d4fcc41f
702,40,2024-12-04,,,,,2026-07-05 14:56:40.730645,3a906493324423cf4314141d2585c90f
702,42,2026-04-15,,,,,2026-07-05 14:56:52.310742,cbffcd2aa5a1e0b2cc07fafd39b8cf15
702,44,2026-04-15,,,,,2026-07-05 14:57:02.928614,45b58740b432d5c264683ca472a48171
702,50,2025-03-03,,,,,2026-07-05 14:57:12.775175,ad0ec0ff7008489a1c339abdb41fb49d
702,52,2025-02-02,,,,,2026-07-05 14:57:22.646957,f3f47d2f1ae2821479e28f4c1e287969
702,54,2025-02-02,,,,,2026-07-05 14:57:31.903117,f22c99d43fa52fc28f35f1cc5bfdef8c
703,10,2024-09-29,,,,,2026-07-05 14:57:42.573923,38189f8abf1460fa2e1273f1333c3fd7
703,12,2024-09-29,,,,,2026-07-05 14:57:52.932474,38189f8abf1460fa2e1273f1333c3fd7
704,12,2026-01-01,,,,,2026-07-05 14:58:12.555898,e64d7344db1be54c06d01e10ad38b333
704,28,2025-09-25,,,,,2026-07-05 14:58:22.788764,67eecb04135a07db7bc45d41a6b1d686
704,8,2024-05-01,,,,,2026-07-05 14:58:03.893320,d5b9c375f20425f8d914876969a0bf27
712,11,2026-03-16,,,,,2026-07-05 14:58:32.764366,c988806de43fc79150aee046ace75230
712,16,2024-12-02,2012-02-14,,,,2026-07-05 14:58:42.473095,a70c6fdb2c596b96697cc0d3cfdf56a2
712,26,2024-07-02,,,,,2026-07-05 14:58:53.117206,c58ff661679b643f9ca6b4e35d58ba64
717,1,2025-08-28,,,,,2026-07-05 14:59:01.895481,6105bd9799971e36721a28327c06aaa0
717,10,2025-12-09,,,,,2026-07-05 14:59:21.482301,64cb79d2c6888de6309ae5a8e2a813de
717,6,2026-01-29,1967-10-18,,,,2026-07-05 14:59:12.150201,f7b4b69c0dc0433036f7ffe1fb13036e
719,19,2026-02-12,,,,,2026-07-05 15:00:13.959301,847e54b4958f1254338853aea46e5d03
719,7,2024-04-17,2013-01-23,2013-06-12,,,2026-07-05 14:59:32.130868,1898685706ee8af542ad6de12b47dae8
719,9,2024-04-17,,,,,2026-07-05 15:00:04.129001,72ed5329124b0169e8410511d4fcc41f
720,12,2025-02-20,,,,,2026-07-05 15:00:22.942105,32befc5bc706dd5a178ceb37617fa1c7
720,13,2026-05-26,1997-07-07,1997-07-07,,,2026-07-05 15:00:32.003979,09857a7b71adb1436d924248d22ff273
720,17,2025-03-09,,,,,2026-07-05 15:00:41.128192,82d8b38386be94f0dc61b643e2f14d78
720,19,2026-04-29,,,,,2026-07-05 15:00:50.832290,524c3020c5ead0df3d83acf2e2660705
720,24,2026-04-28,,,,,2026-07-05 15:01:01.026242,c4bb68f01d0559c234d9def8b15903a4
722,10,2026-02-15,,,,,2026-07-05 15:01:11.221965,474e8d845af195e9d467e2b0f4ca89d7
722,12,,1988-10-07,1988-10-27,,,2026-07-05 15:01:21.530020,474e8d845af195e9d467e2b0f4ca89d7
722,20,2025-03-09,,,,,2026-07-05 15:01:31.678109,82d8b38386be94f0dc61b643e2f14d78
722,22,2026-04-29,,,,,2026-07-05 15:01:40.941961,524c3020c5ead0df3d83acf2e2660705
722,24,2026-04-28,,,,,2026-07-05 15:01:50.585880,c4bb68f01d0559c234d9def8b15903a4
725,2,2026-06-01,,,,,2026-07-05 15:02:00.784528,4881477844a18de0106366a160546f15
725,4,2026-06-01,,,,,2026-07-05 15:02:10.028516,d6282ff2026fa097b17c97135a738928
725,7,2026-01-01,,,,,2026-07-05 15:02:19.856240,e64d7344db1be54c06d01e10ad38b333
730,24,2025-01-12,2019-05-05,2019-02-18,,,2026-07-05 15:02:28.732396,b4181b99e225be624228033b424d3312
730,90,2025-11-16,,,,,2026-07-05 15:02:39.392250,c684454d46429436e73b60f6a272d132
730,92,2026-02-10,,,,,2026-07-05 15:02:49.729117,2b0b9362387d50485091fe2e97f93497
730,94,2026-02-08,,,,,2026-07-05 15:02:59.619698,9e958bfb1fcd75cbfa2be01814551406
730,96,2026-02-02,,,,,2026-07-05 15:03:09.051057,366368e28b5eea8f03c618da09674d6f
733,9,2025-02-13,,,,,2026-07-05 15:03:18.417678,bb457e599a64964f83f5e415423a859c
734,10,2025-01-16,2020-10-15,2020-10-12,,,2026-07-05 15:03:38.280295,d7f5e5594bf43af8478d8a5fc2860505
734,12,2025-01-16,2020-10-15,2020-10-12,,,2026-07-05 15:03:48.576843,d7f5e5594bf43af8478d8a5fc2860505
734,14,2025-01-16,2020-10-15,2020-10-12,,,2026-07-05 15:03:58.241602,d7f5e5594bf43af8478d8a5fc2860505
734,16,2025-01-16,2020-10-15,2020-10-12,,,2026-07-05 15:04:08.355682,d7f5e5594bf43af8478d8a5fc2860505
734,8,2025-02-13,,,,,2026-07-05 15:03:28.157948,a638cd53f056e8c43ce0c78ecb08acb1
744,110,2025-06-09,1975-12-29,1975-12-29,,,2026-07-05 15:04:37.995180,f3f01b8329a60a7c99062ff0ee5a8b36
744,50,2025-10-28,1974-01-29,1974-01-29,,,2026-07-05 15:04:17.300607,b9b40fc6d4ea2a15899617dbeb6a4d3a
744,52,2025-10-26,1983-03-16,,,,2026-07-05 15:04:27.910003,a6a9e23b56bec4b14cad1a334ea1340d
746,2,2025-10-26,,,,,2026-07-05 15:04:48.065482,da9c81ad8f2422524176d301b4c0281d
746,20,2026-02-02,,,,,2026-07-05 15:04:58.645334,366368e28b5eea8f03c618da09674d6f
746,22,2026-02-08,,,,,2026-07-05 15:05:08.909803,9e958bfb1fcd75cbfa2be01814551406
746,24,2026-02-10,,,,,2026-07-05 15:05:18.888143,2b0b9362387d50485091fe2e97f93497
746,26,2025-11-16,,,,,2026-07-05 15:05:29.496830,c684454d46429436e73b60f6a272d132
746,28,2025-03-03,,,,,2026-07-05 15:05:39.521067,49b7e50ef68934ddba7d0f612d712b78
747,5,2026-03-09,,,,,2026-07-05 15:05:48.866010,0d00c9c453e64401fc4919ca9293d8ab
750,1,2025-11-16,,,,,2026-07-05 15:05:59.594458,c684454d46429436e73b60f6a272d132
750,3,2025-03-03,,,,,2026-07-05 15:06:09.255845,49b7e50ef68934ddba7d0f612d712b78
758,119,2025-12-31,,,,,2026-07-05 15:07:02.437622,ff999546e2565728308fa53ceba881c1
758,121,2025-12-31,,,,,2026-07-05 15:07:11.140456,2b36257d3714a937061fb956f153bb1e
758,132,2024-12-09,,,,,2026-07-05 15:07:19.848880,28b9345b21a8266fbce4b01ea974c246
758,69,2025-01-27,1959-10-07,1959-10-07,,,2026-07-05 15:06:22.607209,b19cd60f2d10185877dae25b2040286e
758,71,2026-04-28,,,,,2026-07-05 15:06:33.017543,d8fab371dee602cf63ec3804cab3f59c
758,73,2026-04-28,,,,,2026-07-05 15:06:43.349282,3d23368b9d9b353a552a0d6430fdb10f
758,75,2024-06-06,,,,,2026-07-05 15:06:53.021551,c0e0c139540d1bf047c6656b5e8655b2
759,23,2024-12-09,,,,,2026-07-05 15:07:30.034930,28b9345b21a8266fbce4b01ea974c246
759,47,,,,,,2026-07-05 15:07:37.385141,b4181b99e225be624228033b424d3312
778,2,2025-12-31,,,,,2026-07-05 15:07:46.710841,ff999546e2565728308fa53ceba881c1
778,4,2025-12-31,,,,,2026-07-05 15:07:56.993977,2b36257d3714a937061fb956f153bb1e
779,14,2025-02-24,,,,,2026-07-05 15:08:06.671239,852a35e3137d432ce7b232dadc0cc13e
779,22,2026-02-15,,,,,2026-07-05 15:08:16.093672,8709a3b422cf22d59d6b8f223fba702b
779,24,2025-02-20,,,,,2026-07-05 15:08:25.634491,dcd32536fffffc4e3dd2d016c18d5cf9
783,10,,,,,,2026-07-05 15:08:43.313816,5e69347077540195217ebbf66345aedf
783,24,,,,,,2026-07-05 15:08:51.615926,0aa297b5a86d68536fe9503d6f8b1d08
783,26,,,,,,2026-07-05 15:08:59.793088,0aa297b5a86d68536fe9503d6f8b1d08
783,28,2025-12-21,,,,,2026-07-05 15:09:09.530364,7098596e01327c0d5b59421d92d86e26
783,30,,,,,,2026-07-05 15:09:19.176103,f0c15fe8c4303abda83a1f14879d057e
783,32,,,,,,2026-07-05 15:09:27.689004,2622d1274c948a1461c79f92c34ef860
783,33,2025-01-03,,,,,2026-07-05 15:09:36.579374,f7861555f9a541d53f8fc42c72103555
783,41,2025-07-24,,,,,2026-07-05 15:09:46.473260,8cd450844501f0f617185b09c7eeacd6
783,7,2026-05-20,,,,,2026-07-05 15:08:35.955002,5903c61e1eaa7449e434129f6e36a31d
787,14,2026-06-11,,,,,2026-07-05 15:10:24.690373,4c4a61c0503be73a4a62dd94d30b555c
787,16,,,,,,2026-07-05 15:10:33.611014,205ce6f506dd1dcfcfc5459176b5b680
787,7,2024-08-01,,,,,2026-07-05 15:09:56.936139,b684ff5a5b66cf023b8362144f406abc
787,8,2025-08-11,,,,,2026-07-05 15:10:09.287505,5f70a623994661dceb4af0ff969c27cd
800,115,2026-05-11,2014-02-03,,,,2026-07-05 15:11:43.369679,c4c3cf59049788a9613b57e3472185db
800,119,2025-10-28,,,,,2026-07-05 15:11:53.579572,de852cf26f94d992509f256da4f481dc
800,123,2024-12-30,,,,,2026-07-05 15:12:03.991729,d6bc8ada687cacea7016a9a9ad393775
800,125,2026-05-13,,,,,2026-07-05 15:12:13.419305,52286f72689fdbb7089fdb15e327785e
800,161,2026-02-02,,,,,2026-07-05 15:12:23.550153,c0ffebcb965be99084b69cece2c2eaf8
800,43,2025-11-04,,,,,2026-07-05 15:10:44.051586,45c60cc1ae4f16e3783f07b5710acc97
800,45,2024-12-31,1985-11-11,1984-09-05,,,2026-07-05 15:10:53.841487,39277b3b7c54d42426324a301f1ccd62
800,47,2024-12-31,1964-02-07,1964-02-07,,,2026-07-05 15:11:03.119999,39277b3b7c54d42426324a301f1ccd62
800,49,2025-07-28,,,,,2026-07-05 15:11:12.214955,818c1c11efba9b52fb3f35410fcfa74e
800,51,2025-07-28,,,,,2026-07-05 15:11:23.007888,e77aaf1627b07d26ec1e234fe4ab3036
800,99,2025-11-27,1970-07-09,1970-06-04,,,2026-07-05 15:11:33.265686,77ff96e2b01d6093a1d5db947a0e4ae2
801,206,,,,,,2026-07-05 15:12:31.707494,c7b5346aea923a9037a986bdcacbc0b3
801,210,,,,,,2026-07-05 15:12:39.987181,948fe54743f0ba78e10abbc4b4c40854
801,234,2026-04-30,,,,,2026-07-05 15:12:50.316801,c628cdc0946614421e1933f0ae5c3c6f
801,236,2025-12-17,2006-01-22,2006-01-22,,,2026-07-05 15:12:59.352752,d34dd98ef6b211fe04e4f816496628b2
801,238,2025-12-18,,,,,2026-07-05 15:13:10.030027,67d821086955b7d10c52fc6352d8f2f4
801,240,2025-12-18,,,,,2026-07-05 15:13:20.625096,5b12457a78dcdb5e24d8ee06a9c80b20
801,252,,,,,,2026-07-05 15:13:29.432888,68c92ddad2bb0fb8f5afd2334e2a629b
801,256,2026-04-13,,,,,2026-07-05 15:13:39.128010,fdd8b14a73caac1260639c67874007aa
801,258,2026-01-19,2014-09-29,,,,2026-07-05 15:13:49.234155,34b01bdb9505bac0c693b90f4bc5a156
801,260,,,,,,2026-07-05 15:13:57.452775,5566a07094f1f1754fb9500b7db93423
801,262,2026-05-18,,,,,2026-07-05 15:14:07.142809,63fe68dfe490a6e7451cd3c778548cd7
805,11,2025-12-11,2011-04-11,2011-04-11,,,2026-07-05 15:14:34.496031,58041124b5d7fe6ebb2a1ae5cc981111
805,13,2026-03-29,,,,,2026-07-05 15:14:44.119969,3f59130fc2de1699d459d94e80388a94
805,15,2025-07-21,1983-12-29,1983-12-29,,,2026-07-05 15:14:54.268732,65ada4af9f4961828531f0085cc76d43
805,19,2026-03-02,,,,,2026-07-05 15:15:03.867043,7dcfa5f21e3cd73704421cff607fac51
805,21,2026-03-10,,,,,2026-07-05 15:15:12.858147,7d39957108fb6f3b0bd5da3ad360d559
805,28,2025-12-04,2006-07-06,2006-07-06,,,2026-07-05 15:15:22.361831,40b1bbfb8c2eb303413c3c23229b80df
805,30,2025-12-04,2006-07-06,2006-07-06,,,2026-07-05 15:15:31.339993,40b1bbfb8c2eb303413c3c23229b80df
805,32,2025-12-04,2006-07-06,2006-07-06,,,2026-07-05 15:15:43.496063,40b1bbfb8c2eb303413c3c23229b80df
805,34,2026-06-07,2005-07-05,2005-07-05,,,2026-07-05 15:15:52.919266,7d55ceb8f603bf02c6a27cd50cc4e474
805,36,2026-06-07,2005-07-05,2005-07-05,,,2026-07-05 15:16:02.000267,7d55ceb8f603bf02c6a27cd50cc4e474
805,38,2026-06-07,2005-07-05,2005-07-05,,,2026-07-05 15:16:12.385032,7d55ceb8f603bf02c6a27cd50cc4e474
805,40,,,,,,2026-07-05 15:16:19.631898,7d55ceb8f603bf02c6a27cd50cc4e474
805,41,2025-10-15,,,,,2026-07-05 15:16:29.746528,feda12046a03f12d7dd26225a0999095
805,42,,,,,,2026-07-05 15:16:41.046058,7d55ceb8f603bf02c6a27cd50cc4e474
805,44,,,,,,2026-07-05 15:16:48.938135,7d55ceb8f603bf02c6a27cd50cc4e474
805,46,,,,,,2026-07-05 15:16:57.403901,7d55ceb8f603bf02c6a27cd50cc4e474
805,48,,,,,,2026-07-05 15:17:04.975813,7d55ceb8f603bf02c6a27cd50cc4e474
805,7,2025-01-30,,,,,2026-07-05 15:14:16.012977,ebed0f082e154d9e45c5d0d79e52ad79
805,9,2025-08-14,2018-11-04,2018-10-29,,,2026-07-05 15:14:24.800899,fed8f7927828865d6fb018a7140ca069
807,101,2024-08-12,1988-11-27,1988-11-27,,,2026-07-05 15:17:15.139834,c61c00a8b5cfa43c549ce305a3fa7e78
821,23,2025-11-18,,,,,2026-07-05 15:17:25.144395,d1b75dc7468ed03c9ee29b694f499e39
823,26,2025-09-09,,,,,2026-07-05 15:17:34.131646,037ba52c0317951e35af4df62209f79f
825,1,,,,,,2026-07-05 15:17:41.568638,f50f15b0733791717a2ccc78cd7d3080
825,11,2019-07-30,,,,,2026-07-05 15:18:19.797838,bd8da66995aef8b43f0507280f596430
825,12,2026-02-23,1971-01-08,1970-11-17,,,2026-07-05 15:18:29.467979,48c0ffdbb4aad5a9f6b8cedc820558af
825,18,2026-03-08,1999-04-15,1999-04-15,,,2026-07-05 15:18:38.888041,24532b749eba2c9438f577020d364657
825,3,,,,,,2026-07-05 15:17:50.024110,ceebf8765530631e2d5811ed13d5bcfc
825,5,2026-03-16,,,,,2026-07-05 15:18:00.134182,7c3861ce291faff3c7030034683a36a1
825,6,2025-11-25,,,,,2026-07-05 15:18:10.340995,a5ab13a182580317beddee2a0bad8b80
826,8,2025-07-10,2013-10-27,,,,2026-07-05 15:18:48.721884,9bad805bd303bc472e8bd166009cad44
827,16,2026-02-23,1971-01-08,1970-11-17,,,2026-07-05 15:19:07.667459,48c0ffdbb4aad5a9f6b8cedc820558af
827,9,2024-07-07,,,,,2026-07-05 15:18:57.617201,33510a5f57034b57ec6a8bd1f61f326b
829,51,2026-03-24,2002-03-12,2002-03-12,,,2026-07-05 15:19:16.391658,27671318dde7e82d1a7cf10bf44afba8
830,1,2024-11-20,,,,,2026-07-05 15:19:25.147416,9725cd0463634a338cd717f7f2e996b6
831,19,2023-09-11,2019-04-11,2020-10-19,,2025-10-16,2026-07-05 15:19:43.958154,7cbb096f25eb5f2e13324712384e1c7d
831,6,2024-11-20,,,,,2026-07-05 15:19:34.672715,9725cd0463634a338cd717f7f2e996b6
832,18,2026-05-04,2020-12-28,,,,2026-07-05 15:20:13.831849,5d239927ec83cd9a9f69fdbb8ef3dad0
832,24,2024-07-09,,,,,2026-07-05 15:20:23.760157,2e0c626537b6abb5319c823ba162b317
832,3,2025-10-15,,,,,2026-07-05 15:19:52.952553,595452bbb0847ba3d10a43fa9156e901
832,7,2026-02-03,,,,,2026-07-05 15:20:03.940599,6618fa68a36fc283584c6d232ea94f6f
833,14,2025-02-02,2018-05-30,2018-05-30,,2018-04-24,2026-07-05 15:20:42.194917,89cd4a6fed97827c77a30fb71e6f753f
833,17,2021-03-17,,,,,2026-07-05 15:20:52.347933,869972882e786df152dae9459a2fbbb3
833,8,2025-10-20,2016-01-06,2016-06-15,,,2026-07-05 15:20:33.104628,c0a587b99180f0d85240d13f0aad0fde
834,5,2026-06-21,1968-08-07,1968-07-19,,,2026-07-05 15:21:02.556559,1b8d3333b520a3fcc759b7e7b955ac84
835,20,2024-06-04,1988-06-12,1988-06-12,,,2026-07-05 15:21:12.282978,9a4d1e466919a6bae423930c135f82a4
836,24,2026-06-03,,,,,2026-07-05 15:21:21.224112,6aac325f234c8b8be361d1034730e9ad
837,24,2024-03-19,,,,,2026-07-05 15:21:30.707200,c4f42c3398934f3ff360a80b024b4706
848,19,2024-12-23,,,,,2026-07-05 15:21:40.337958,027ab79adaf2c93c189236a8925517a5
848,29,,,,,,2026-07-05 15:21:50.727541,7d55ceb8f603bf02c6a27cd50cc4e474
848,31,,,,,,2026-07-05 15:22:00.071402,7d55ceb8f603bf02c6a27cd50cc4e474
851,17,2025-12-04,2006-07-06,2006-07-06,,,2026-07-05 15:22:27.449727,40b1bbfb8c2eb303413c3c23229b80df
851,18,2025-09-09,,,,,2026-07-05 15:22:37.473232,037ba52c0317951e35af4df62209f79f
851,19,,,,,,2026-07-05 15:22:45.696217,7d55ceb8f603bf02c6a27cd50cc4e474
851,23,,,,,,2026-07-05 15:22:53.794110,7d55ceb8f603bf02c6a27cd50cc4e474
851,8,2022-05-09,,,,,2026-07-05 15:22:10.138042,6d309612bddb1c49e497ac746cd5ac6e
858,12,2026-01-29,2018-02-26,2018-02-22,,,2026-07-05 15:23:12.130305,c3abf94b8a211faf9fb2ed5f13f6746c
858,14,2025-10-27,,,,,2026-07-05 15:23:23.243334,8530e148e73aaf8d3d4c6f2ef0821588
858,16,2025-10-27,,,,,2026-07-05 15:23:34.131561,8530e148e73aaf8d3d4c6f2ef0821588
858,18,,,,,,2026-07-05 15:23:41.949911,3a14389ffa9dc6661918eaf9f182256c
858,9,2025-08-11,1977-02-13,1977-02-13,,,2026-07-05 15:23:02.767831,84a75a502c17b4e26d07d7b340863ff4
859,16,2024-03-04,,,,,2026-07-05 15:23:51.792026,5be039872e7c037a676021108db64f17
860,34,2026-01-22,2013-06-18,2013-06-10,,,2026-07-05 15:24:11.693386,6f11fe8fbf295660eb486c8962750b65
860,5,2026-01-26,,,,,2026-07-05 15:24:01.503334,da79c915abde57410f183d4522d8cd28
864,3,2026-04-13,,,,,2026-07-05 15:24:20.606473,27b9096894f097dbdda6340e84a2c44d
866,1,2026-01-26,,,,,2026-07-05 15:24:31.880804,da79c915abde57410f183d4522d8cd28
870,13,2020-05-24,,,,2024-09-26,2026-07-05 15:24:59.516503,430ee3fe4f3fc937df481870ea812dee
870,19,2025-09-07,1976-06-03,1976-05-26,,,2026-07-05 15:25:09.266066,fb3bda372f9501c7805c74931a459c5c
870,4,2023-03-13,,,,,2026-07-05 15:24:40.519590,1763b82a8813a54a57289a72c5cba883
870,6,2023-03-13,,,,,2026-07-05 15:24:50.325958,1763b82a8813a54a57289a72c5cba883
876,16,2026-03-30,,,,,2026-07-05 15:25:20.131497,7b9d7230e000267ffdd41890d4655120
877,5,,,,,,2026-07-05 15:25:28.376051,fbd31ec179f5f1cc26d2dd813be25722
881,13,2024-06-19,,,,,2026-07-05 15:25:56.925282,cae4cbbfb4de7247d4e05f9f00d972b3
881,19,2025-06-04,1984-06-14,1984-06-04,,,2026-07-05 15:26:07.722678,51657b9a34ebb52211f4803a3c8792f3
881,6,2025-10-28,,,,,2026-07-05 15:25:37.433647,af65942fde11bba8bedd4ba86e63a829
881,9,2025-06-08,2007-01-18,2007-01-11,,,2026-07-05 15:25:47.250851,ae2200e9e0b6f960c6a0375dfd9d43dd
883,2,2025-07-15,,,,,2026-07-05 15:26:17.349863,f31f44cce1de16b5b35cd9144dea6ebd
884,5,,,,,,2026-07-05 15:26:25.415256,c7b5346aea923a9037a986bdcacbc0b3
884,9,,,,,,2026-07-05 15:26:34.113816,948fe54743f0ba78e10abbc4b4c40854
905,16,,,,,,2026-07-05 15:26:42.163668,7b60aad31995ff38248643902a0c654a
905,20,2025-10-20,2019-12-24,2019-12-01,,,2026-07-05 15:26:52.248193,8d963034f68d2770201831e70b3a104d
914,114,2025-09-29,,,,,2026-07-05 15:27:31.383728,e6d054d8be198b3341de652ca02167da
914,90,2021-10-21,2020-08-16,2020-08-10,,2023-03-05,2026-07-05 15:27:01.135798,7ef6a83fa1d38410febcdecead40e427
914,94,2026-01-11,,,,,2026-07-05 15:27:10.622067,0dd6b85f5f994db193566fef598a3100
914,96,2025-12-09,,,,,2026-07-05 15:27:20.877306,b34838229aa1c055775143ede73d7e6c
915,13,2025-08-14,2018-03-21,2019-02-10,,,2026-07-05 15:27:42.330410,9be3c4350c73717bf70465654c8d5cf9
915,14,,,,,,2026-07-05 15:27:50.294000,4be4a47106c1ba712edc9c69dc53afe9
915,18,2026-02-22,,,,,2026-07-05 15:28:08.150257,53ce00e8b28f55e6ced64eddf0e481a6
920,11,2026-05-07,,,,,2026-07-05 15:28:52.740334,5975acf75fb9c76c3a80e80b1de8bca4
920,14,2025-04-07,2015-11-01,2015-10-14,,,2026-07-05 15:29:03.155977,e46b51e56681527f3d58e9c7e50af082
920,15,,,,,,2026-07-05 15:29:12.402447,e1743b1d5dd3749bb4e6e1bc3bb3d781
920,18,2024-10-27,,,,,2026-07-05 15:29:21.370840,a67af2d3f8d5f64f99487c44488e4347
920,19,2026-06-23,,,,,2026-07-05 15:29:31.046424,3702414f26b787566adf56f39050cbc8
920,2,2025-08-14,2018-03-21,2019-02-10,,,2026-07-05 15:28:31.341322,9be3c4350c73717bf70465654c8d5cf9
920,28,2026-03-19,,,,,2026-07-05 15:29:42.082685,6d0d69156d9ba869edc202e205da0dfb
920,33,2025-10-20,2019-12-24,2019-12-01,,,2026-07-05 15:29:51.742300,8d963034f68d2770201831e70b3a104d
920,44,2026-04-19,,,,,2026-07-05 15:30:01.383210,04bc2abd22f0ba6f4ecaa9f4fb16f055
920,9,2026-06-18,,,,,2026-07-05 15:28:42.801881,2e15b524674fc072887059226fbbabcb
927,17,,,,,,2026-07-05 15:30:09.555618,4be4a47106c1ba712edc9c69dc53afe9
927,19,,,,,,2026-07-05 15:30:18.223575,32e9098e4c0e50cc05a992df049e6ec9
927,21,,,,,,2026-07-05 15:30:27.033035,32e9098e4c0e50cc05a992df049e6ec9
930,19,,,,,,2026-07-05 15:30:35.037652,6e9ddc5ffda3a52cd8bd2a5e3d1abc82
930,21,2025-05-06,,,,,2026-07-05 15:30:44.937570,84e148602f01046c4fcae5dc7cf44bd3
930,23,2025-05-06,,,,,2026-07-05 15:30:55.288389,84e148602f01046c4fcae5dc7cf44bd3
930,25,2025-05-06,,,,,2026-07-05 15:31:05.614684,84e148602f01046c4fcae5dc7cf44bd3
930,27,2025-05-06,,,,,2026-07-05 15:31:15.704936,84e148602f01046c4fcae5dc7cf44bd3
930,29,2025-11-26,,,,,2026-07-05 15:31:26.628969,ece4de7c1945c49a9829ac9d67c577ef
930,43,2025-11-27,,,,,2026-07-05 15:31:36.663691,89d17176d0edee5e82d9eeb4d9b6fadc
930,45,2025-11-27,,,,,2026-07-05 15:31:47.375788,89d17176d0edee5e82d9eeb4d9b6fadc
930,57,2025-12-17,,,,,2026-07-05 15:31:59.203527,ccb06d7c2799e6e9044d188944acd511
930,59,2025-12-17,,,,,2026-07-05 15:32:08.916510,ccb06d7c2799e6e9044d188944acd511
937,11,2025-07-17,2015-07-16,2016-01-15,,,2026-07-05 15:32:56.838045,f8df2a3d350481a43c7541bc5809c34a
937,4,2025-12-15,1977-03-03,,,,2026-07-05 15:32:18.388542,e4158fbfbce9081129b847b8b2231bd6
937,6,2025-12-15,,,,,2026-07-05 15:32:27.811598,9e865b0350bef83bc0766dd0eb41a9e6
937,7,2024-01-24,,,,,2026-07-05 15:32:37.899984,7d3fbb5ab78e3833ff00674bf956d4fb
937,8,2025-02-19,,1984-02-22,,,2026-07-05 15:32:47.548734,b8f0658ee47faf081d3e647777b6eeac
941,49,2024-02-13,,,,2026-01-25,2026-07-05 15:33:07.441264,769d0eaeb3b2159c0cb02fa639a6986f
941,80,2023-03-06,2016-11-20,,,,2026-07-05 15:33:17.610114,7e96d12a4b4406d7470918fd14695a6a
941,81,2021-02-10,,,,,2026-07-05 15:33:28.252337,6bd27bdbcf72154677cf3cd84c55ca66
941,82,,1970-03-04,1970-01-16,,,2026-07-05 15:33:36.832817,7e96d12a4b4406d7470918fd14695a6a
941,84,2025-09-21,2001-04-15,2001-04-15,,,2026-07-05 15:33:47.392520,71c3e474a62707a1da2e7a10c407013c
941,86,,,,,,2026-07-05 15:33:55.510589,007b07ba898f5b40f19c75f0fb7767a4
960,1,2023-03-06,2016-11-20,,,,2026-07-05 15:34:04.553114,7e96d12a4b4406d7470918fd14695a6a
960,13,2021-12-21,,,,,2026-07-05 15:34:46.329050,805f7a2a295119b6cb2ae1d542fc306f
960,3,2025-08-18,,,,,2026-07-05 15:34:14.063569,7e96d12a4b4406d7470918fd14695a6a
960,5,2025-09-21,2001-04-15,2001-04-15,,,2026-07-05 15:34:25.727543,71c3e474a62707a1da2e7a10c407013c
960,9,,,,,,2026-07-05 15:34:35.540225,007b07ba898f5b40f19c75f0fb7767a4
964,1,2023-03-06,2016-11-20,,,,2026-07-05 15:34:57.171805,7e96d12a4b4406d7470918fd14695a6a
964,3,2023-03-06,2016-11-20,,,,2026-07-05 15:35:07.331564,7e96d12a4b4406d7470918fd14695a6a
964,5,2023-03-06,2016-11-20,,,,2026-07-05 15:35:16.996612,7e96d12a4b4406d7470918fd14695a6a
978,43,2025-09-09,,,,,2026-07-05 15:35:27.410911,a7d8c471ec848eca06ba39ac7acad8ea
978,58,2025-07-15,,,,,2026-07-05 15:35:36.383375,f31f44cce1de16b5b35cd9144dea6ebd
978,60,2025-07-15,,,,,2026-07-05 15:35:46.438270,f31f44cce1de16b5b35cd9144dea6ebd
978,62,2025-07-15,,,,,2026-07-05 15:35:57.010312,f31f44cce1de16b5b35cd9144dea6ebd
978,67,2023-06-11,,,,,2026-07-05 15:36:07.952954,b9722831768f9ac94775f7ed4de913bf
982,11,2025-12-25,,,,,2026-07-05 15:36:17.217455,ba3878ce417f56d66ca068e3300033e0
984,18,2025-06-30,,,,,2026-07-05 15:36:28.688650,956f10cf4b737e87df34b3a32f7b345e
984,22,2025-09-28,,,,,2026-07-05 15:36:39.273979,37a7622dd3258550a050e7e6a4443db2
984,24,2026-06-18,,,,,2026-07-05 15:36:48.877040,f6d3b42754a5f8e18c48db051df07a4b
984,25,2023-12-07,,,,,2026-07-05 15:36:58.194778,f14f2b539a6c15b4c874332d97813f73
984,27,,2008-06-03,2009-02-24,,,2026-07-05 15:37:08.972017,f14f2b539a6c15b4c874332d97813f73
984,29,2026-03-04,,,,,2026-07-05 15:37:19.126189,f14f2b539a6c15b4c874332d97813f73
984,31,2025-10-27,,,,,2026-07-05 15:37:28.050116,edf7b061fe30393580fc0728d89966fe
984,33,,,,,,2026-07-05 15:37:36.546132,5717c2b0a5e8a247fb65a1a67d84fb9c
984,39,2025-06-23,2019-10-24,2019-09-23,,,2026-07-05 15:37:45.431296,30580047330a293a64293ee199b0049c
984,44,,,,,,2026-07-05 15:37:53.055703,6621f44c24dc63ade160ba6ca32e8ab5
984,45,,,,,,2026-07-05 15:38:02.029809,1e9356ba9c8547cf4cc39985c272161c
984,46,2025-02-03,,,,,2026-07-05 15:38:10.848349,6621f44c24dc63ade160ba6ca32e8ab5
984,57,,,,,,2026-07-05 15:38:18.431528,1f6cec124dbe4245f64597a8fd31ef20
984,59,,,,,,2026-07-05 15:38:26.145940,1f6cec124dbe4245f64597a8fd31ef20
985,21,,,,,,2026-07-05 15:38:45.586263,7589c308d10f85f22576bafc516182de
985,23,2025-08-12,,,,,2026-07-05 15:38:55.194820,82db764d34d493f90ba16fa8ff18084d
985,25,,,,,,2026-07-05 15:39:03.976830,99ac8306cbccb59be4dcc3414df9d8ce
985,27,,,,,,2026-07-05 15:39:12.158588,92e87d0b603a28ee8ec5896af515938a
985,29,,,,,,2026-07-05 15:39:21.622531,23c6a9b90e5480597c6f2e3f9c09d908
985,33,,,,,,2026-07-05 15:39:29.774258,1f6cec124dbe4245f64597a8fd31ef20
985,41,2026-06-24,,,,,2026-07-05 15:39:39.577196,f8deb53fda3090bfb9669da0ed6172aa
985,64,2024-08-21,,,,,2026-07-05 15:39:49.308656,80cbe28d4868c0597cc8449e99903b51
985,9,2026-02-26,,,,,2026-07-05 15:38:36.626384,d335e3c8b91fffed78da7f3c4ba8dc29
990,29,2026-04-15,1995-07-04,1995-07-04,,,2026-07-05 15:39:59.393485,5772d636dbce62e7ed6d92aaf672ee84
991,12,2024-02-13,,,,2026-01-25,2026-07-05 15:40:09.408969,769d0eaeb3b2159c0cb02fa639a6986f
991,14,2024-02-13,,,,2026-01-25,2026-07-05 15:40:19.580289,769d0eaeb3b2159c0cb02fa639a6986f
991,16,2024-02-13,,,,2026-01-25,2026-07-05 15:40:29.630128,769d0eaeb3b2159c0cb02fa639a6986f
997,1,,,,,,2026-07-05 15:40:37.436868,6621f44c24dc63ade160ba6ca32e8ab5
999,2,2026-02-26,,,,,2026-07-05 15:40:47.267767,d335e3c8b91fffed78da7f3c4ba8dc29
1002,37,2026-06-22,2007-12-26,2008-02-26,,,2026-07-05 15:40:57.928925,6716de4e1fd5aeb05ee3bfa640b9ec97
1002,39,2025-04-21,2015-10-13,2015-10-08,,,2026-07-05 15:41:08.255459,dc85a73c0a0aaeb52603086717063311
1005,21,2024-09-25,,,,,2026-07-05 15:41:18.768180,ca14747415f5164852692ee2fe92add2
1005,26,2025-02-27,,,,,2026-07-05 15:41:29.315754,880b51ce3620e012e7bb3903b4c27190
1005,34,2026-06-17,,,,,2026-07-05 15:41:38.836033,a00537d3921f02e6fb1c5307e2270fe8
1006,34,2025-01-27,1959-10-07,1959-10-07,,,2026-07-05 15:41:48.822554,b19cd60f2d10185877dae25b2040286e
1006,36,2026-04-28,,,,,2026-07-05 15:41:59.406410,d8fab371dee602cf63ec3804cab3f59c
1006,38,2026-04-28,,,,,2026-07-05 15:42:10.195294,3d23368b9d9b353a552a0d6430fdb10f
1006,40,2024-06-06,,,,,2026-07-05 15:42:21.066438,c0e0c139540d1bf047c6656b5e8655b2
1006,42,2024-03-03,2003-04-10,2003-04-13,,,2026-07-05 15:42:31.202638,8a7b1bec53da913ca4f32d10a9fc5021
1006,43,2025-11-23,,,,,2026-07-05 15:42:41.244790,8d578cc32e412855f23da1a87d27aa0a
1006,47,2025-05-21,,,,,2026-07-05 15:42:51.456615,2cb3eebea20a9edcf9418aa4e1ceef5b
1006,59,2019-09-01,2018-09-12,2020-10-19,,2023-02-16,2026-07-05 15:43:02.324473,ff6f11ba18dbcab166a94ad617bc18ed
1006,61,,1977-11-09,1977-11-09,,,2026-07-05 15:43:11.774793,ff6f11ba18dbcab166a94ad617bc18ed
1007,24,2025-07-30,2005-07-18,2005-07-18,,,2026-07-05 15:43:21.066709,47ded641c0c41fe0dde5d0f28d604946
1007,26,2025-07-30,2005-07-18,2005-07-18,,,2026-07-05 15:43:31.843361,47ded641c0c41fe0dde5d0f28d604946
1007,28,2025-11-02,,,,,2026-07-05 15:43:42.548556,785ce20127127d9975223e431af603fa
1007,30,2025-11-02,,,,,2026-07-05 15:43:52.163679,785ce20127127d9975223e431af603fa
1007,34,2026-03-17,2010-06-30,2010-06-28,,,2026-07-05 15:44:02.438586,60799428472155b4b2a3fee874ec2202
1007,36,2026-03-17,2010-06-30,2010-06-28,,,2026-07-05 15:44:11.444150,60799428472155b4b2a3fee874ec2202
1007,47,2025-10-23,2008-08-26,2008-08-12,,,2026-07-05 15:44:21.670827,72be83d544ffcc414ad0722779b7755c
1008,3,2025-02-12,2016-07-21,2016-07-10,,,2026-07-05 15:44:37.888115,5d19b944bfc1167056199c7fdaee5aa8
1008,7,2025-03-03,,,,,2026-07-05 15:44:48.264569,cceb57a182a4a11341beb24304745bb6
1008,9,2025-09-10,1991-04-24,1991-04-24,,,2026-07-05 15:44:58.084679,a36aa4fa33f30640feb986192d911056
1009,10,2025-02-02,,,,,2026-07-05 15:45:34.462575,202526392251f16a4fae9b87c7609365
1009,12,2025-02-02,,,,,2026-07-05 15:45:45.935423,202526392251f16a4fae9b87c7609365
1009,14,2025-02-02,,,,,2026-07-05 15:45:56.581234,202526392251f16a4fae9b87c7609365
1009,16,2026-03-04,,,,,2026-07-05 15:46:07.173959,91cc4482fae8503468af80430c496f68
1009,18,2026-03-04,,,,,2026-07-05 15:46:17.687890,91cc4482fae8503468af80430c496f68
1009,20,2026-03-04,,,,,2026-07-05 15:46:28.708024,91cc4482fae8503468af80430c496f68
1009,22,2026-03-04,,,,,2026-07-05 15:46:40.689845,91cc4482fae8503468af80430c496f68
1009,8,2025-02-02,,,,,2026-07-05 15:45:09.302778,202526392251f16a4fae9b87c7609365
1009,9,2025-09-10,1991-04-24,1991-04-24,,,2026-07-05 15:45:20.552814,a36aa4fa33f30640feb986192d911056
1010,10,2025-09-10,1991-04-24,1991-04-24,,,2026-07-05 15:47:30.444176,a36aa4fa33f30640feb986192d911056
1010,4,2025-02-12,,,,,2026-07-05 15:46:54.873359,2ccd06fc0131e135ab924102e4a16b03
1010,8,2025-03-03,,,,,2026-07-05 15:47:07.476846,ad0ec0ff7008489a1c339abdb41fb49d
1011,13,2025-11-12,,,,,2026-07-05 15:47:58.156736,702cc8b8d831b6fbe648cba280e041a8
1011,17,2025-11-23,,,,,2026-07-05 15:48:07.906628,6d0d69156d9ba869edc202e205da0dfb
1011,19,2025-11-23,,,,,2026-07-05 15:48:25.098537,27d380059635fd4e049fc1a4f31c9137
1011,9,2025-02-05,,,,,2026-07-05 15:47:45.010194,e6629da444f2e7cf078e3cfb2eb99b79
1012,22,2025-02-17,1975-05-02,1975-05-02,,,2026-07-05 15:48:36.194338,1519c12d899015479be7bb235bf8f653
1012,24,,1977-05-10,1977-05-10,,,2026-07-05 15:48:47.243204,1519c12d899015479be7bb235bf8f653
1013,7,2024-06-25,,,,,2026-07-05 15:48:56.103807,0ec91c281c6a6344d1cee6197ee7e470
1015,5,2025-02-17,1975-05-02,1975-05-02,,,2026-07-05 15:49:07.257746,1519c12d899015479be7bb235bf8f653
1016,10,2025-05-07,,,,,2026-07-05 15:49:39.845441,2732fbb503aef2d6fb35aee002f4a0e9
1016,4,2025-12-07,,,,,2026-07-05 15:49:19.756537,3cda3e6e183d0df2b5fae6d251087dc8
1016,8,2025-12-03,1964-01-24,,,,2026-07-05 15:49:29.694028,82586c23ee1d1a0d9145896401a4805f
1025,4,2023-08-30,,,,,2026-07-05 15:49:49.311245,feb07bb012e4125689dba5130f099971
1029,17,2025-02-28,,,,,2026-07-05 15:50:30.614099,5d5a6369c4df8b79893780fb77d3ef2c
1029,3,2024-07-14,,,,,2026-07-05 15:49:59.783691,3b6c702ca567ad20e8be7a005d6f8690
1029,5,2025-12-29,,,,2023-09-20,2026-07-05 15:50:13.859730,1ebb570b2e53d8eaa15b67befb21e5de
1051,6,,,,,,2026-07-05 15:50:42.158276,9e631c26365835aa010ec3c936eb4f65
1064,1,2024-07-29,2013-12-29,2013-12-26,,,2026-07-05 15:50:55.578340,18d3f53ef34622389257f62f29f8e002
1064,7,2026-03-17,2010-06-30,2010-06-28,,,2026-07-05 15:51:05.797338,60799428472155b4b2a3fee874ec2202
1065,32,2026-05-27,,,,,2026-07-05 15:51:15.942431,9e631c26365835aa010ec3c936eb4f65
1065,34,,,,,,2026-07-05 15:51:24.776940,9e631c26365835aa010ec3c936eb4f65
1076,10,2025-02-27,,,,,2026-07-05 15:51:46.169626,b22e18eafbbab5f80bd09b9f1e5aa974
1076,8,2025-02-27,,,,,2026-07-05 15:51:35.708030,b22e18eafbbab5f80bd09b9f1e5aa974
1077,13,2026-01-18,,,,,2026-07-05 15:51:55.986210,8b05cb2235306be9d848eae808becd5c
1077,18,,,,,,2026-07-05 15:52:03.713580,5f1cc1b11978b0082b2eeb99509eec3e
1077,21,2025-01-29,,,,,2026-07-05 15:52:14.061147,bdf7cd6ccca40b5677ca549a15efbab2
1077,26,2025-02-09,2017-08-15,2017-08-10,,,2026-07-05 15:52:24.168511,cc20c4bc0365a59745c6ec84ee73bf2e
1077,28,2025-02-09,2017-08-15,2017-08-10,,,2026-07-05 15:52:35.146245,cc20c4bc0365a59745c6ec84ee73bf2e
1077,29,2026-03-30,,,,,2026-07-05 15:52:45.464714,aa071684916b23372c9ead2453695c57
1077,31,2026-03-30,,,,,2026-07-05 15:52:54.784624,aa071684916b23372c9ead2453695c57
1077,34,2026-05-25,,2015-04-02,,,2026-07-05 15:53:04.954898,26af6791d305328a88c19ff9bfc4d041
1077,35,2025-11-26,2013-12-08,2013-12-08,,,2026-07-05 15:53:14.426123,d59cbd11468f40f164e3eb9d7e284775
1077,44,2025-05-21,,,,,2026-07-05 15:53:23.806995,2cb3eebea20a9edcf9418aa4e1ceef5b
1078,2,2025-01-29,,,,,2026-07-05 15:53:33.544208,bdf7cd6ccca40b5677ca549a15efbab2
1078,3,2026-03-22,2020-04-02,2020-04-05,,,2026-07-05 15:53:43.459370,5ad8e432c2f8868d3c8e28c489bcd5b1
1078,4,2025-12-02,,,,,2026-07-05 15:53:52.812017,637619f3ef59c2f1dc3cdb4eb280b904
1078,5,2026-05-03,,,,,2026-07-05 15:54:02.607904,199f9d424d9b1e5c75d1fe9a530808fa
1078,6,2026-01-18,,,,,2026-07-05 15:54:13.541028,bd7737391ccd9ced23f0b07ee36bf898
1078,8,2026-05-24,,,,,2026-07-05 15:54:23.100328,39b787fe5a868884a5a558f85296c569
1079,2,2025-11-26,2013-12-08,2013-12-08,,,2026-07-05 15:54:32.310058,d59cbd11468f40f164e3eb9d7e284775
1079,5,2025-12-03,2009-01-07,,,,2026-07-05 15:54:42.187316,5261ff352bf3e19766bec0c2b0bddd7b
1085,28,2025-03-04,,,,,2026-07-05 15:54:52.701494,f4eded12409c02ec4e95f4eaaf6488ac
1085,30,2020-11-05,,,,,2026-07-05 15:55:02.689955,f4eded12409c02ec4e95f4eaaf6488ac
1089,9,2024-06-20,,,,,2026-07-05 15:55:12.221602,5ccf190e8506c12ca13fe09dc0052c23
1095,20,2026-05-10,1995-04-13,1995-04-13,,,2026-07-05 15:55:22.047648,9ca64f782f9ee2fd2adc9a6a6ba45870
1117,10,2024-11-05,2011-07-06,2011-10-09,,,2026-07-05 15:56:34.330012,4367461628fbfa7cb2b793c7bde7675e
1117,11,2025-11-05,,,,,2026-07-05 15:56:43.724010,f34d161efbdc90115a2489451e12c6d4
1117,2,2026-06-01,,,,,2026-07-05 15:55:31.730270,bbf89fe56a0e5f07bb9bda8810c18ac1
1117,4,2026-06-03,,,,,2026-07-05 15:55:42.531327,2c7f531b5768b91a7915ff72b505a009
1117,5,2025-04-03,,,,,2026-07-05 15:55:52.737812,23cd4f5ffa0b7f816051f7d947f8a7d7
1117,6,2024-07-10,,,,,2026-07-05 15:56:02.566377,ac093cbaacf5adbf0454bf4881f6e1f0
1117,8,2025-02-10,,,,,2026-07-05 15:56:14.427725,348e7cf777668e87e3c599e647c98740
1117,9,2025-09-25,,,,,2026-07-05 15:56:24.028753,d907abbfad564b14eb43afd2422de66f
1122,16,2026-05-27,,,,,2026-07-05 15:56:53.373687,9e631c26365835aa010ec3c936eb4f65
1129,8,2025-08-24,,,,,2026-07-05 15:57:02.461529,5179806ff4dc8db36ecd5e50fbef4501
1161,10,2025-09-17,,2010-09-15,,,2026-07-05 15:57:23.103190,bf026522267bb0c89b692d62f7e433cb
1161,12,2026-01-01,,,,,2026-07-05 15:57:32.801280,f3046d69e33c7be8e349c03736226c9f
1161,14,2024-06-06,,2020-09-10,,2024-09-08,2026-07-05 15:57:43.580548,6f7fa91d41cb02b807b7896b4f2c65a3
1161,15,2025-09-11,,,,,2026-07-05 15:57:53.617951,b95ce5e602ea7655a11417838493c39e
1161,16,2024-06-06,,2020-09-10,,2024-09-08,2026-07-05 15:58:03.517692,6f7fa91d41cb02b807b7896b4f2c65a3
1161,18,2025-09-16,2017-11-07,2017-10-29,,,2026-07-05 15:58:13.592113,6a7849067fa0a46182376dc910831e20
1161,19,2024-04-04,,,,,2026-07-05 15:58:22.626234,d527337bf0ee0c0153b4fae8f687d8a0
1161,20,2026-02-16,,,,,2026-07-05 15:58:32.863531,f22144d1d64943be876f4a32c81fc16a
1161,21,2025-01-30,,,,,2026-07-05 15:58:42.692398,667d2d8e29918e01141f775d9b3034ef
1161,22,2026-01-10,,1968-01-19,,,2026-07-05 15:58:51.914487,0fa0cdb997a87a566df5069d9c4dcead
1161,24,2026-03-16,1994-12-07,1994-12-07,,,2026-07-05 15:59:01.871497,4b72359b116139cd6be81346bdd23def
1161,25,2024-07-18,,1986-02-05,,,2026-07-05 15:59:12.535361,7dc952ad40ebe70bc0ee14312df2c840
1161,27,2024-10-10,,,,,2026-07-05 15:59:23.223324,4ba0c801fa07954e75cb3a70193a0939
1161,28,2025-12-24,1984-11-15,,,,2026-07-05 15:59:31.963974,beea8fd6264ceb6a50626ee1eeb9bf8e
1161,30,2025-09-03,1976-06-30,1976-06-30,,,2026-07-05 15:59:40.819681,4863f1b7f990eaacaeaa6fac2dc94df4
1161,34,2026-05-07,,,,,2026-07-05 15:59:50.575969,8be9083dcee1766eae9cb6b505eead3b
1161,35,2026-05-17,,,,,2026-07-05 16:00:00.877215,56b895cc6e709b302bac492a730b00f7
1161,36,2026-06-01,,,,,2026-07-05 16:00:10.688240,bbf89fe56a0e5f07bb9bda8810c18ac1
1161,42,2025-12-07,,,,,2026-07-05 16:00:41.917693,2bb1eb1e2da3392fb621268facd6f6a3
1161,44,2026-01-12,,,,,2026-07-05 16:00:51.940978,b3ed5bd0f1870139d7a01846aaa18593
1161,46,2026-04-23,,,,,2026-07-05 16:01:01.018475,2cc215409e7710a253775cee4d3cd01d
1161,8,2026-02-03,,,,,2026-07-05 15:57:12.449957,5d33cd6cde29f4b9a2c9fbf0a6642895
1163,11,,,,,,2026-07-05 16:01:31.341033,8442f7696b8a40f10a34e6e46c6b3216
1163,5,2025-09-15,,,,2008-07-28,2026-07-05 16:01:12.222154,3910d6b73ee23f4454a6ebbed46b7f1f
1163,9,2026-01-25,1995-07-31,1995-07-31,,,2026-07-05 16:01:22.402794,7addcfc316b3329d8ddd9b971378720b
1190,10,2025-09-29,,,,,2026-07-05 16:01:50.967854,172c027a30f7809d44a7e606f0b8c027
1190,11,2025-07-23,,,,,2026-07-05 16:02:00.956205,aa14ae7d1e2e61b6806e52de041b8575
1190,12,2026-06-15,,,,2023-02-06,2026-07-05 16:02:10.651367,7df2b83b68c127ebf4f01ac4e9a3526d
1190,13,2024-11-05,2011-07-06,2011-10-09,,,2026-07-05 16:02:20.432009,4367461628fbfa7cb2b793c7bde7675e
1190,14,2024-12-08,,,,,2026-07-05 16:02:30.716593,16350cb925c2ef80cd03dc78d13fbacd
1190,17,2025-04-03,,,,,2026-07-05 16:02:40.558305,58776228a9185c5d135673753f4877c7
1190,18,2025-09-25,,,,,2026-07-05 16:02:49.341403,d907abbfad564b14eb43afd2422de66f
1190,24,,,,,,2026-07-05 16:02:59.036416,28be5b7f286be2f970ec924b76490d78
1190,25,2026-04-23,,,,,2026-07-05 16:03:08.876325,2cc215409e7710a253775cee4d3cd01d
1190,26,2026-01-01,,,,,2026-07-05 16:03:18.408671,d59c4c517ff75098d4601f6f472d01ae
1190,5,2025-12-11,,,,,2026-07-05 16:01:41.378383,3371361200cf852fefa8afb754657046
1225,12,,,,,,2026-07-05 16:03:25.691743,5261ff352bf3e19766bec0c2b0bddd7b
1241,7,2025-10-21,,,,,2026-07-05 16:03:35.934314,4eea0fc9768e9f4ac247704b01636e1d
1250,20,2025-07-31,1969-11-13,,,,2026-07-05 16:03:54.680970,11f641763d0d748f50eed6fae2a0d312
1250,22,2025-02-23,,2010-06-08,,,2026-07-05 16:04:04.655044,050e928b05d4d286ed2430b1bab3309c
1250,26,2025-08-26,1969-06-16,,,,2026-07-05 16:04:15.828017,17cf3eedcbea310bf3f064e1e6f4a679
1250,28,2025-01-21,1977-02-24,1977-02-23,,,2026-07-05 16:04:26.186012,5cedff64c1d6bc77f5740ea8405664ef
1250,36,2025-05-28,2014-10-26,,,,2026-07-05 16:04:35.726754,48a86cc0d3f4e92c348712a686d8c05d
1250,38,2025-05-28,2015-02-16,2015-05-13,,,2026-07-05 16:04:45.911352,1bcb13cbe3a4237335a7c4c737ddc0e9
1250,48,2024-02-20,,,,2026-05-06,2026-07-05 16:04:55.635204,6aa2de2b3f38311a3c3b4750ccc4a381
1250,50,2025-12-04,2015-01-07,2015-07-02,,,2026-07-05 16:05:05.266188,196eb3b0f046cd42f63a3048db001895
1250,52,,,,,,2026-07-05 16:05:12.916265,cb9a1f00cd8aad4d721c2d96298602cb
1250,6,2026-05-10,,,,,2026-07-05 16:03:45.443369,5d850da69b527c7d18e84db0cf2b4d13
1251,3,2025-07-02,,,,,2026-07-05 16:05:23.779421,27b633465f2fc940e2cb0752b5d067f6
1251,5,2025-09-16,1987-03-29,1987-03-26,,,2026-07-05 16:05:34.248843,6df27efe73d72cfba7442d5a240b39c1
1255,13,2026-06-01,,,,,2026-07-05 16:05:44.827090,c236ab87f9063a24076ce58f8fcf3f06
1255,15,2026-06-01,,,,,2026-07-05 16:05:54.308485,d6282ff2026fa097b17c97135a738928
1255,18,2025-02-24,,,,,2026-07-05 16:06:03.336528,367d356de041336e19786f9168fafcab
1270,4,2023-08-30,,,,,2026-07-05 16:06:12.009477,feb07bb012e4125689dba5130f099971
1271,1,2024-09-25,,,,,2026-07-05 16:06:21.188397,ca14747415f5164852692ee2fe92add2
1271,5,2025-12-29,,,,2023-09-20,2026-07-05 16:06:31.241678,1ebb570b2e53d8eaa15b67befb21e5de
1271,7,2025-02-28,,,,,2026-07-05 16:06:41.912476,5d5a6369c4df8b79893780fb77d3ef2c
1351,1,,,,,,2026-07-05 16:06:50.070327,a5ed44afb51b002f6b23a7c1fe94fb12
2014,1,2026-03-04,,,,,2026-07-05 16:07:00.306014,f14f2b539a6c15b4c874332d97813f73
2014,2,,,,,,2026-07-05 16:07:08.237045,edf7b061fe30393580fc0728d89966fe
2014,3,2026-03-04,,,,,2026-07-05 16:07:17.819842,f14f2b539a6c15b4c874332d97813f73
2014,4,,,,,,2026-07-05 16:07:26.777314,5717c2b0a5e8a247fb65a1a67d84fb9c
2014,5,2026-03-04,,,,,2026-07-05 16:07:36.732770,f14f2b539a6c15b4c874332d97813f73
2014,7,,2008-06-03,2009-02-24,,,2026-07-05 16:07:46.732895,f14f2b539a6c15b4c874332d97813f73
2016,1,,,,,,2026-07-05 16:07:56.136022,1e9356ba9c8547cf4cc39985c272161c
2016,5,,,,,,2026-07-05 16:08:05.501326,1e9356ba9c8547cf4cc39985c272161c
2016,7,2025-02-27,,,,,2026-07-05 16:08:15.524004,1e9356ba9c8547cf4cc39985c272161c
2019,31,2026-06-24,,,,,2026-07-05 16:08:47.837305,f8deb53fda3090bfb9669da0ed6172aa
2019,33,2026-06-24,,,,,2026-07-05 16:09:01.221233,f8deb53fda3090bfb9669da0ed6172aa
2019,35,2026-06-24,,,,,2026-07-05 16:09:11.223122,f8deb53fda3090bfb9669da0ed6172aa
2019,37,2026-06-24,,,,,2026-07-05 16:09:22.059690,f8deb53fda3090bfb9669da0ed6172aa
2019,6,2025-02-27,,,,,2026-07-05 16:08:27.498823,1e9356ba9c8547cf4cc39985c272161c
2019,8,2025-02-27,,,,,2026-07-05 16:08:37.417550,1e9356ba9c8547cf4cc39985c272161c
2022,3,2026-01-23,,,,,2026-07-05 16:09:34.266891,f4079db91aaf9cb1d90a4cc3b2f4952f
2024,10,2026-05-07,,,,,2026-07-05 16:10:23.766607,c41d0a80c5f5b166d90c7cfd7ac72d0a
2024,12,2024-06-03,,,,,2026-07-05 16:10:32.640559,80ae7b01fa390334dbdf05eff633597e
2024,5,2024-05-23,,,,,2026-07-05 16:09:43.941864,12e00659f31ac942b20d8cf41164f764
2024,7,2024-05-23,,,,,2026-07-05 16:09:54.185522,47647c6b80bb2d697b70adc948d4cab9
2024,8,2026-06-09,2010-05-25,2010-05-24,,,2026-07-05 16:10:04.761554,b23e1c232738f01f4a76500915dc7dc7
2024,9,2025-01-28,,,,,2026-07-05 16:10:14.906155,0bbec4b11fc59b110da72bb2185ffcbc
2025,5,2026-06-08,2019-11-24,2019-11-20,,,2026-07-05 16:10:42.049921,74bca24b8179180fd0be74e563c4f85b
2025,7,2026-06-08,1996-08-25,,,,2026-07-05 16:10:52.876438,a4effcc6618db7e64d678f6d7a95afd0
2025,9,2026-06-08,,,,,2026-07-05 16:11:02.504115,5f52549e74645ab746fe7c02248bd7dc
2029,10,2026-03-24,,,,,2026-07-05 16:11:12.745868,610b76e7b77a76bc9016a25e9e6c068a
2039,2,2025-07-08,1996-10-29,1996-10-24,,,2026-07-05 16:11:21.549689,777e63affc67c949ae5dd83bbdb4c305
2039,4,2025-02-27,1994-07-04,1994-07-04,,,2026-07-05 16:11:30.838159,e9ff0996a2ac1a0735c7170afa47d58c
2039,8,2025-05-13,,,,,2026-07-05 16:11:40.026872,deb2ead2a1a656f963ca5ce569586f98
2048,10,2025-06-24,1987-09-17,1987-08-20,,,2026-07-05 16:11:49.190673,7a6114a1287de1aace2667702d02e4dc
2048,12,2025-06-24,1987-09-17,1987-08-20,,,2026-07-05 16:11:59.293218,7a6114a1287de1aace2667702d02e4dc
2048,14,2025-06-24,1987-09-17,1987-08-20,,,2026-07-05 16:12:08.750887,7a6114a1287de1aace2667702d02e4dc
2049,2,2026-04-15,1995-07-04,1995-07-04,,,2026-07-05 16:12:19.213307,5772d636dbce62e7ed6d92aaf672ee84
2049,4,2026-04-15,1995-07-04,1995-07-04,,,2026-07-05 16:12:51.284796,5772d636dbce62e7ed6d92aaf672ee84
2049,6,2026-04-15,1995-07-04,1995-07-04,,,2026-07-05 16:13:02.342872,5772d636dbce62e7ed6d92aaf672ee84
2053,10,2026-01-28,,,,,2026-07-05 16:14:09.565744,0f568aba66d50c1d0fd84f5a6876ddea
2053,12,2026-01-28,,,,,2026-07-05 16:14:19.926180,0f568aba66d50c1d0fd84f5a6876ddea
2053,13,2026-01-28,,,,,2026-07-05 16:14:33.725850,5d628495c0ac310bca06dcf1eaf8b4fd
2053,14,2026-01-28,,,,,2026-07-05 16:14:43.447738,0f568aba66d50c1d0fd84f5a6876ddea
2053,15,,,,,,2026-07-05 16:14:51.293879,6e9ddc5ffda3a52cd8bd2a5e3d1abc82
2053,16,2026-01-28,,,,,2026-07-05 16:15:00.231708,0f568aba66d50c1d0fd84f5a6876ddea
2053,18,2025-02-27,2018-12-16,2018-12-12,,,2026-07-05 16:15:09.405862,fdfeef8c6760eb57066438ffed7f6333
2053,2,2025-05-13,,,,,2026-07-05 16:13:13.036469,deb2ead2a1a656f963ca5ce569586f98
2053,4,2025-05-13,,,,,2026-07-05 16:13:22.062828,deb2ead2a1a656f963ca5ce569586f98
2053,5,2020-02-23,,2019-07-23,,2021-11-09,2026-07-05 16:13:31.298231,d4d1c10f80a085cfda0eb1562a1694b2
2053,6,,,,,,2026-07-05 16:13:39.369297,deb2ead2a1a656f963ca5ce569586f98
2053,8,2026-01-28,,,,,2026-07-05 16:13:49.503200,0f568aba66d50c1d0fd84f5a6876ddea
2053,9,2026-01-13,,,,,2026-07-05 16:13:58.501309,612203523c3cd98a6c0e46e6dd012b4d
2070,11,2026-02-15,,,,,2026-07-05 16:15:18.840117,ee8d324f53b5ef5de4f79abe8e6e7136
2070,13,2026-02-15,2018-01-04,2018-01-04,,,2026-07-05 16:15:27.711887,6bd8a64dfe7962b6d421c55860d6da8c
2070,15,2026-03-16,,,,,2026-07-05 16:15:45.464103,e3664b84cea94d748e5f7d352e2f2d26
2074,2,2026-03-24,,,,,2026-07-05 16:15:56.146378,610b76e7b77a76bc9016a25e9e6c068a
2076,10,2026-05-19,,,,,2026-07-05 16:16:16.040652,76fd1eb0112c5db5bbcc70d391a72c49
2076,13,2025-12-09,,,,,2026-07-05 16:16:26.156155,0cc0800714aef06fa449cb643ef3cf4f
2076,15,2025-11-18,,,,,2026-07-05 16:16:36.151804,5207ecd481321ee0bd21bf4cf2441d2d
2076,31,,,,,,2026-07-05 16:16:45.017788,4f1d00619a1e6deff516e69f4e49b419
2076,33,,,,,,2026-07-05 16:16:54.622976,4f79c28ed7e80d7f03a31697d455cc42
2076,37,,,,,,2026-07-05 16:17:02.940735,fdb12c179e02e3263bfcbf590e86c047
2076,39,2025-10-27,,,,,2026-07-05 16:17:11.960947,275dfe5cc73cf29291aa00d7f3f4e8f0
2076,9,2026-06-17,,,,,2026-07-05 16:16:05.859271,e39a2dfd6411c926a7217cca2c593f9b
2090,11,2026-01-19,,,,,2026-07-05 16:18:00.260854,6bd27bdbcf72154677cf3cd84c55ca66
2090,13,2021-02-10,,,,,2026-07-05 16:18:10.472070,6bd27bdbcf72154677cf3cd84c55ca66
2090,3,,,,,,2026-07-05 16:17:20.703382,6bd27bdbcf72154677cf3cd84c55ca66
2090,5,,2001-03-28,2001-03-28,,,2026-07-05 16:17:30.291807,6bd27bdbcf72154677cf3cd84c55ca66
2090,7,,2004-11-29,2004-11-29,,,2026-07-05 16:17:40.048903,6bd27bdbcf72154677cf3cd84c55ca66
2090,9,,2003-09-01,2003-08-27,,,2026-07-05 16:17:49.626074,6bd27bdbcf72154677cf3cd84c55ca66
2106,26,2026-02-13,,,,,2026-07-05 16:18:19.690011,5ecace78304c722bf1cdef45b2c71bad
2114,10,2026-06-02,,,,,2026-07-05 16:18:55.448121,251c5d4280eefe3dc3f596eaa6ba1899
2114,13,,,,,,2026-07-05 16:19:02.896896,d4416e6b6483ae009e3b76810ae30c25
2114,2,2026-02-13,,,,,2026-07-05 16:18:29.337184,5ecace78304c722bf1cdef45b2c71bad
2114,3,,,,,,2026-07-05 16:18:38.475279,b995f5ea0835c62bb303b347afd41bc9
2114,5,,,,,,2026-07-05 16:18:45.861104,4caff633b5b2e1af7ba2eff0568e987b
2116,15,2025-02-18,,,,,2026-07-05 16:19:59.955506,e4bd62f663cd3576fc30a0bdfd6dacba
2116,17,2026-05-28,,,,,2026-07-05 16:20:09.243563,39baaa0b6a08ffeb0f63804dd7bc11ed
2116,19,2024-10-27,,,,,2026-07-05 16:20:18.503890,22a24be17ceab2e5b52f19908d201610
2116,3,,,,,,2026-07-05 16:19:11.460577,d4416e6b6483ae009e3b76810ae30c25
2116,4,2026-02-02,,,,,2026-07-05 16:19:21.289842,c0ffebcb965be99084b69cece2c2eaf8
2116,5,2025-05-11,,,,,2026-07-05 16:19:30.881686,cb3f7ce57101d9c2dc14ca437a0ae111
2116,7,2025-05-11,1995-05-08,1995-05-08,,,2026-07-05 16:19:40.683517,de547e5169acf6290c5da33ab088b091
2116,9,2025-04-27,,,,,2026-07-05 16:19:50.417639,15d7e94f628738f1ae4494809276a127
2123,10,2026-05-20,,2006-09-07,,,2026-07-05 16:21:07.671209,db568aafcbf6d796518ac6478432174b
2123,12,2026-05-20,,2006-09-07,,,2026-07-05 16:21:18.095236,db568aafcbf6d796518ac6478432174b
2123,14,2024-09-24,,,,,2026-07-05 16:21:28.585516,add0489c8ba46c026a9b84020b344cee
2123,19,2025-11-24,,,,,2026-07-05 16:21:39.505617,ad8f2e8beec902ee5a00cf74f4befc8f
2123,2,2024-11-26,,,,,2026-07-05 16:20:28.131078,c76e5645a29ee5d57a719206503036fd
2123,21,2025-11-25,2001-12-30,,,,2026-07-05 16:21:49.102817,3d1ac47b23df8267de13fc4faae00b27
2123,22,2026-03-25,,,,,2026-07-05 16:21:58.297879,d4d714185caa352c08bba5153ea4a4e9
2123,23,2025-07-01,,,,,2026-07-05 16:22:07.842358,9d7d189b47c7e186635cb8b476f93561
2123,25,2025-06-04,,,,,2026-07-05 16:22:17.651818,ce65c3b7d18d592061066afdf200c61c
2123,27,2025-06-04,1987-08-20,1987-08-20,,,2026-07-05 16:22:28.152067,ea7a4e2c991ad0f57797fb9543b8d7a4
2123,29,2025-06-04,1984-06-14,1984-06-04,,,2026-07-05 16:22:37.828765,51657b9a34ebb52211f4803a3c8792f3
2123,6,2023-08-30,,,,2025-06-12,2026-07-05 16:20:38.109325,f56b894032b1c7b5ef117438cab6cc50
2123,7,2026-04-16,1990-05-15,1990-05-15,,,2026-07-05 16:20:47.758394,300975c52aa859bc1cecc0c5c72498eb
2123,9,2026-03-25,,,,,2026-07-05 16:20:58.383528,8c9c0fb51371b06bacf9a5df3a5f721a
2124,11,2026-06-28,,,,,2026-07-05 16:22:47.221654,3b0a6c787bd039f519a54a641085a680
2124,12,2026-02-19,,,,,2026-07-05 16:22:56.031885,4d98942187c9f29be2b1e3143814f85d
2124,13,2026-06-28,,,,,2026-07-05 16:23:05.884630,3b0a6c787bd039f519a54a641085a680
2124,15,2024-11-24,,,,,2026-07-05 16:23:15.957740,0694ec30b10a8a9450bb325fe028d48b
2125,1,2026-03-10,,,,,2026-07-05 16:23:26.152281,7d39957108fb6f3b0bd5da3ad360d559
2125,10,2024-11-26,,,,,2026-07-05 16:24:07.034898,c76e5645a29ee5d57a719206503036fd
2125,11,2025-12-11,2011-04-11,2011-04-11,,,2026-07-05 16:24:17.158096,58041124b5d7fe6ebb2a1ae5cc981111
2125,13,2025-08-14,2018-11-04,2018-10-29,,,2026-07-05 16:24:26.560654,fed8f7927828865d6fb018a7140ca069
2125,15,2025-01-30,,,,,2026-07-05 16:24:36.164108,ebed0f082e154d9e45c5d0d79e52ad79
2125,3,2026-03-02,,,,,2026-07-05 16:23:36.409369,7dcfa5f21e3cd73704421cff607fac51
2125,7,2025-07-21,1983-12-29,1983-12-29,,,2026-07-05 16:23:47.311883,65ada4af9f4961828531f0085cc76d43
2125,9,2026-03-29,,,,,2026-07-05 16:23:56.988137,3f59130fc2de1699d459d94e80388a94
2126,1,2025-11-03,,1990-10-17,,,2026-07-05 16:24:47.188128,2dc19f12692a249f5a1f88d8ab1a3e65
2126,14,2023-08-28,,,,,2026-07-05 16:25:17.879668,9d5094a7b3cb44bf54940f1f38b5313f
2126,16,2026-03-25,,,,,2026-07-05 16:25:28.674667,d4d714185caa352c08bba5153ea4a4e9
2126,5,2026-02-19,,,,,2026-07-05 16:24:56.721351,4d98942187c9f29be2b1e3143814f85d
2126,8,2026-06-28,,,,,2026-07-05 16:25:07.379503,3b0a6c787bd039f519a54a641085a680
2135,8,2026-05-18,,,,,2026-07-05 16:25:40.284200,d5cce81043473c1cea575b835936c322
2135,9,2026-06-02,,,,,2026-07-05 16:25:51.425308,251c5d4280eefe3dc3f596eaa6ba1899
2146,1,2026-05-19,,,,,2026-07-05 16:26:01.678504,76fd1eb0112c5db5bbcc70d391a72c49
2146,20,2026-05-28,,,,,2026-07-05 16:26:11.394122,89519ead93ac3a990f26eec242536672
2146,22,2026-05-28,,,,,2026-07-05 16:26:20.156881,89519ead93ac3a990f26eec242536672
2147,11,2026-01-29,,,,,2026-07-05 16:27:20.172813,feda68b499cb015689de89d5159f741a
2147,13,2026-01-29,,,,,2026-07-05 16:27:30.050929,65f7d6b5e90b6439a6bcc96851f26edc
2147,2,2025-12-09,,,,,2026-07-05 16:26:30.383997,0cc0800714aef06fa449cb643ef3cf4f
2147,3,2026-06-17,,,,,2026-07-05 16:26:40.201713,e39a2dfd6411c926a7217cca2c593f9b
2147,4,2025-11-18,,,,,2026-07-05 16:26:50.194739,5207ecd481321ee0bd21bf4cf2441d2d
2147,7,2025-02-13,,,,,2026-07-05 16:26:59.566222,9e774532ef1aaeed2a05bcc6a36604cc
2147,9,2026-04-15,,,,,2026-07-05 16:27:09.870179,a6c57d07f9d637a0c995510120a04242
2149,11,2026-03-16,,,,,2026-07-05 16:28:25.832484,5ec6eb152b916b03a7f22da0de0f7053
2149,13,2026-03-16,,,,,2026-07-05 16:28:35.588332,ec5b6516870d1c6a3514f9010e8e2aba
2149,2,,,,,,2026-07-05 16:27:38.063042,777e63affc67c949ae5dd83bbdb4c305
2149,3,2026-05-24,,,,,2026-07-05 16:27:47.229608,259cdff662e2104bcc062ab04e41c02c
2149,4,2025-02-27,1994-07-04,1994-07-04,,,2026-07-05 16:27:57.358801,e9ff0996a2ac1a0735c7170afa47d58c
2149,5,2026-05-27,,,,,2026-07-05 16:28:07.958453,7570379b96eb37af0fd9a4193ab84876
2149,7,2026-05-25,,,,,2026-07-05 16:28:17.072218,6c3d6f003d61f787f27d9738c4ad6a16
2151,10,2024-12-02,2007-05-20,2007-05-17,,,2026-07-05 16:29:05.861795,d1dcfd2d3b292be900aa0f37dc86a599
2151,12,2021-03-16,,,,,2026-07-05 16:29:15.765256,ab7ad177ce2274594a8fd2856d912d98
2151,14,2024-12-31,,,,,2026-07-05 16:29:26.243984,ae85aa8c284ffef0fc6fcdd38fdff73f
2151,16,2026-06-18,,,,,2026-07-05 16:29:36.062608,550825ca4db85e1399af613883d08138
2151,2,2019-07-30,,,,,2026-07-05 16:28:45.928411,bd8da66995aef8b43f0507280f596430
2151,3,2025-11-25,,,,,2026-07-05 16:28:56.020643,b375712e3da705c0eadc99abf80c31b8
2152,59,2024-08-12,1988-11-27,1988-11-27,,,2026-07-05 16:29:45.617247,c61c00a8b5cfa43c549ce305a3fa7e78
2155,10,,,,,,2026-07-05 16:30:19.800832,fdb12c179e02e3263bfcbf590e86c047
2155,12,,,,,,2026-07-05 16:30:28.317672,275dfe5cc73cf29291aa00d7f3f4e8f0
2155,4,,,,,,2026-07-05 16:29:54.096703,4f1d00619a1e6deff516e69f4e49b419
2155,6,,,,,,2026-07-05 16:30:02.131161,4f79c28ed7e80d7f03a31697d455cc42
2155,7,,,,,,2026-07-05 16:30:11.283622,ced568536ee1fc1571d6a4f408fec81a
2164,17,2025-11-13,,,,,2026-07-05 16:30:54.146717,c6257ef48c7e66e9c4e164eea525fb17
2164,19,2025-11-13,1978-07-04,1978-07-04,,,2026-07-05 16:31:04.446035,c6257ef48c7e66e9c4e164eea525fb17
2164,7,2025-12-07,,,,,2026-07-05 16:30:37.576679,807c282e93ff9c31ae360fd070274945
2165,12,2026-03-09,,,,,2026-07-05 16:31:13.831142,9838853160809577b931f6bf40526d71
2165,16,2025-12-07,,,,,2026-07-05 16:31:25.508811,807c282e93ff9c31ae360fd070274945
2165,17,2026-06-09,,,,,2026-07-05 16:31:36.807741,18d9d2c8a13e5bffc6b07f68ad773f20
2165,19,2026-06-09,,,,,2026-07-05 16:31:46.829050,18d9d2c8a13e5bffc6b07f68ad773f20
2165,22,2026-06-02,,,,,2026-07-05 16:31:56.055492,60cbf263fe177030aeea3f062fe9c782
2165,24,2026-06-02,,,,,2026-07-05 16:32:05.019443,60cbf263fe177030aeea3f062fe9c782
2165,26,2026-06-02,,,,,2026-07-05 16:32:15.272287,60cbf263fe177030aeea3f062fe9c782
2173,1,2026-04-30,,,,,2026-07-05 16:32:25.029133,c628cdc0946614421e1933f0ae5c3c6f
2173,10,2026-03-25,,,,,2026-07-05 16:33:16.701059,8c9c0fb51371b06bacf9a5df3a5f721a
2173,3,2025-12-17,2006-01-22,2006-01-22,,,2026-07-05 16:32:35.466580,d34dd98ef6b211fe04e4f816496628b2
2173,5,2025-12-18,,,,,2026-07-05 16:32:45.212639,67d821086955b7d10c52fc6352d8f2f4
2173,7,2025-12-18,,,,,2026-07-05 16:32:55.434818,5b12457a78dcdb5e24d8ee06a9c80b20
2173,8,2026-04-16,1990-05-15,1990-05-15,,,2026-07-05 16:33:06.847248,300975c52aa859bc1cecc0c5c72498eb
2174,10,2025-06-04,1987-08-20,1987-08-20,,,2026-07-05 16:34:33.136361,ea7a4e2c991ad0f57797fb9543b8d7a4
2174,11,2026-01-19,2014-09-29,,,,2026-07-05 16:34:44.033748,34b01bdb9505bac0c693b90f4bc5a156
2174,12,2025-06-04,1984-06-14,1984-06-04,,,2026-07-05 16:34:53.394010,51657b9a34ebb52211f4803a3c8792f3
2174,13,,,,,,2026-07-05 16:35:02.689701,5566a07094f1f1754fb9500b7db93423
2174,15,2026-05-18,,,,,2026-07-05 16:35:12.608531,63fe68dfe490a6e7451cd3c778548cd7
2174,2,2025-11-24,,,,,2026-07-05 16:33:29.245494,ad8f2e8beec902ee5a00cf74f4befc8f
2174,4,2025-11-25,2001-12-30,,,,2026-07-05 16:33:41.675305,3d1ac47b23df8267de13fc4faae00b27
2174,5,,,,,,2026-07-05 16:33:50.387941,68c92ddad2bb0fb8f5afd2334e2a629b
2174,6,2025-07-01,,,,,2026-07-05 16:34:02.358314,9d7d189b47c7e186635cb8b476f93561
2174,8,2025-06-04,,,,,2026-07-05 16:34:12.863610,ce65c3b7d18d592061066afdf200c61c
2174,9,2026-04-13,,,,,2026-07-05 16:34:23.520287,fdd8b14a73caac1260639c67874007aa
2182,14,2025-10-15,,,,,2026-07-05 16:35:21.394828,feda12046a03f12d7dd26225a0999095
2191,22,2026-05-27,,,,,2026-07-05 16:35:30.646627,4cf46c11310edec076d9c3273d2aaff0
2198,1,2026-05-27,,,,,2026-07-05 16:35:41.013093,4cf46c11310edec076d9c3273d2aaff0
2199,3,2025-07-06,,,,,2026-07-05 16:35:50.448695,4d2602ad0132fda748f4c985e64751aa
2199,5,2025-11-17,2003-07-22,2003-07-22,,,2026-07-05 16:36:01.303452,50bd99199a2116ce8f70f5b1afdf8ecb
2199,7,2026-03-25,,,,,2026-07-05 16:36:11.135760,7cee0dc444f8a036002769a792f9e4fa
2199,9,2025-11-03,,1990-10-17,,,2026-07-05 16:36:20.556211,2dc19f12692a249f5a1f88d8ab1a3e65
3000,101,2023-12-10,,,,,2026-07-05 16:36:39.205043,6906badd1251e2abb86fd4b21ef97739
3000,103,2023-12-10,2021-08-30,2021-08-12,,,2026-07-05 16:36:47.949427,04b2d986b28e9d1d19a8f7e6526d540d
3000,109,2025-02-12,,,,,2026-07-05 16:36:58.483407,fde272b6c715461c7242c7d53754a792
3000,111,,,,,,2026-07-05 16:37:06.935018,808cd39cf812ba2eb1b2299bd61375d2
3000,113,,,,,,2026-07-05 16:37:14.693393,f3f9fb1e62c2593254b669415f5c7a10
3000,91,,,,,,2026-07-05 16:36:28.890345,21eaff253fe5c3e53a027fa6b95a71c2
3001,121,2025-11-03,1960-01-01,1960-01-01,,,2026-07-05 16:39:08.446280,d160bcabed0f8d31858eeab587451287
3001,122,2025-05-20,1963-01-15,1962-12-07,,,2026-07-05 16:39:18.569030,b76144c34766d7bee288026b7aa3faa9
3001,124,2025-05-20,,,,,2026-07-05 16:39:28.443443,4d172e94822a4a1b8976e188badfff14
3001,147,,,,,,2026-07-05 16:39:36.769658,5d2efce90be3486620a66533b8827518
3001,149,,,,,,2026-07-05 16:39:46.885754,5d2efce90be3486620a66533b8827518
3001,151,2024-11-12,1967-06-07,1967-06-07,,,2026-07-05 16:39:57.447060,5d2efce90be3486620a66533b8827518
3001,26,2025-09-04,2016-12-05,2016-11-30,,2016-12-19,2026-07-05 16:37:24.553811,cd94b8727b467fdb5ac7f913c3378f30
3001,32,2025-03-05,,,,,2026-07-05 16:37:34.012605,c45ad6cf9186362f56c1928bee556756
3001,33,,,,,,2026-07-05 16:37:42.196679,b56ba14895683b7176307641c345e5c2
3001,34,,,,,,2026-07-05 16:37:50.027747,c45ad6cf9186362f56c1928bee556756
3001,35,2025-09-09,,,,,2026-07-05 16:38:00.329852,5db87c09c3be77640ee1822e337a40b7
3001,36,,,,,,2026-07-05 16:38:07.962492,6e71f0671720f66edad7eb2a0fc1297c
3001,37,,,,,,2026-07-05 16:38:16.786273,5db87c09c3be77640ee1822e337a40b7
3001,38,2025-03-05,,,,,2026-07-05 16:38:28.081004,382993eb33c472e6c90b89ce4c084bbc
3001,48,2026-06-14,,,,,2026-07-05 16:38:38.076529,dc69dbae868d5af3dac6bad936171789
3001,94,2025-12-11,,,,,2026-07-05 16:38:48.313131,42930f35e61d7ef39f318a9741af8c81
3001,98,2025-06-04,,,,,2026-07-05 16:38:58.809679,bf1377daf541d3ee8cfb0b6a19f41e28
3004,139,,,,,,2026-07-05 16:40:06.822388,2258957b94ab67473126b9ac4ca38783
3004,199,2025-10-15,,,,,2026-07-05 16:40:17.158611,c29f4e46b67042847e7f804745c666f8
3004,205,2026-06-29,,,,,2026-07-05 16:40:26.865057,fd09d0b17aae94ba7ba6cff4808a4611
3004,207,2026-03-22,,,,,2026-07-05 16:40:36.505486,a42cd7e6ce7a553e44c948053b29e89f
3004,211,2025-04-29,,,,,2026-07-05 16:40:46.260902,9027deec04228a26e73731e06129fdc9
3005,17,2025-08-05,,,,,2026-07-05 16:40:55.249965,07fa8e88158ff8497d3e586396243701
3005,19,2025-03-05,,,,,2026-07-05 16:41:05.343439,382993eb33c472e6c90b89ce4c084bbc
3006,1,,,,,,2026-07-05 16:41:13.075783,2754ec43ae88369eabdefbe99f2322c4
3006,10,2026-06-14,,,,,2026-07-05 16:41:39.913645,dc69dbae868d5af3dac6bad936171789
3006,14,,,,,,2026-07-05 16:41:48.422846,495bd559d2d41df97f28e4f914c716aa
3006,18,2026-02-12,,,,,2026-07-05 16:41:59.034135,ae86b8dcba2a1a8735eae4239e4732a0
3006,2,,,,,,2026-07-05 16:41:20.611655,c92d618dd5394d75070e61d2e2581ad4
3006,39,,,,,,2026-07-05 16:42:07.688625,a9f65dae9ebbc6392f25819e4ec386d0
3006,43,2026-05-31,,,,,2026-07-05 16:42:17.270779,a9f65dae9ebbc6392f25819e4ec386d0
3006,8,2026-06-14,,,,,2026-07-05 16:41:30.656011,dc69dbae868d5af3dac6bad936171789
3007,16,2025-07-20,,,,,2026-07-05 16:42:27.660197,9d8471d926962a8db837fecccd51dead
3007,17,,1967-10-31,,,,2026-07-05 16:42:37.763311,552384c02446dc2fdb2afe85bd728ba0
3007,18,2025-07-20,,,,,2026-07-05 16:42:46.998951,9d8471d926962a8db837fecccd51dead
3007,81,2021-02-07,,,,,2026-07-05 16:42:56.952858,9cb210bd71bcf53dd28eb8dd52b04fab
3008,43,2025-06-04,,,,,2026-07-05 16:43:07.996106,bf1377daf541d3ee8cfb0b6a19f41e28
3055,1,,,,,,2026-07-05 16:43:16.088240,a9f65dae9ebbc6392f25819e4ec386d0
3055,3,,,,,,2026-07-05 16:43:25.983492,a9f65dae9ebbc6392f25819e4ec386d0
3055,5,2026-05-20,,,,,2026-07-05 16:43:35.799564,a9f65dae9ebbc6392f25819e4ec386d0
3056,14,2026-05-31,,,,,2026-07-05 16:43:45.648352,a9f65dae9ebbc6392f25819e4ec386d0
3059,1,,,,,,2026-07-05 16:43:53.748673,a9f65dae9ebbc6392f25819e4ec386d0
3059,11,2026-05-20,,,,,2026-07-05 16:44:03.695818,a9f65dae9ebbc6392f25819e4ec386d0
3059,27,,1967-10-31,,,,2026-07-05 16:44:13.158601,552384c02446dc2fdb2afe85bd728ba0
3059,29,2026-06-04,,,,,2026-07-05 16:44:22.908807,552384c02446dc2fdb2afe85bd728ba0
3072,30,,,,,,2026-07-05 16:44:31.645665,804b3188c0d92eb687f299de99343d4e
3072,36,2024-11-28,2002-11-06,2002-11-06,,,2026-07-05 16:44:40.962465,79efb461e34f32935c02ddb71422c886
3072,38,,,,,,2026-07-05 16:44:49.094983,79efb461e34f32935c02ddb71422c886
3072,40,,,,,,2026-07-05 16:44:58.062628,79efb461e34f32935c02ddb71422c886
3072,42,,,,,,2026-07-05 16:45:06.255980,ce2bea73ba845bd4afb0fcfa67e587b5
3074,56,2025-08-05,,,,,2026-07-05 16:45:17.881490,d9d8b4fdcc8529a29e88dfbc600ad15c
3212,1,2021-02-07,,,,,2026-07-05 16:45:26.658313,9cb210bd71bcf53dd28eb8dd52b04fab
3216,32,,,,,,2026-07-05 16:45:35.588749,60fb9c913207b972fe9f193a4ad1c787
3216,34,2026-03-01,,,,,2026-07-05 16:45:45.636350,1b516aa174958ae658cdda50020a2360
3217,2,2025-11-03,1960-01-01,1960-01-01,,,2026-07-05 16:45:56.175154,d160bcabed0f8d31858eeab587451287
3220,1,2025-03-17,,,,,2026-07-05 16:46:06.143771,85a8ccd96205784eef9cc6974a909dea
3220,3,2026-05-10,,,,,2026-07-05 16:46:15.363998,96e31c905e61895518ff0c5683f21546
3220,5,2026-01-28,,,,,2026-07-05 16:46:25.627737,572d3555e39817588730e767b8eb3df6
3220,7,2026-05-27,,,,,2026-07-05 16:46:35.320106,d9d80b0a242da00f96d387a16d36b249
3224,25,2026-05-10,,,,,2026-07-05 16:46:44.896299,96e31c905e61895518ff0c5683f21546
3224,27,2025-03-17,,,,,2026-07-05 16:46:53.999317,85a8ccd96205784eef9cc6974a909dea
3226,2,2026-01-28,,,,,2026-07-05 16:47:04.378287,572d3555e39817588730e767b8eb3df6
3226,4,2026-05-27,,,,,2026-07-05 16:47:13.281756,d9d80b0a242da00f96d387a16d36b249
3231,14,2026-05-31,,,,,2026-07-05 16:47:22.707038,b891f6fa78ad9d694d1bc4d9522432ff
3231,30,2025-10-05,,,,,2026-07-05 16:47:33.763973,b0c16b33e6891bb4ac8b9d2f30d172a1
3233,13,2026-05-22,,,,,2026-07-05 16:48:04.157540,1f0b6f074cdfc186ebd49c3762297fda
3233,19,2026-05-22,1977-07-26,1977-07-18,,,2026-07-05 16:48:13.382913,9c20e89aaf34c25e3bb03f4d5c4442de
3233,5,2026-05-31,,,,,2026-07-05 16:47:43.034928,8be6484f02811dd14bbfa592a95db6fd
3233,7,2024-06-20,,,,,2026-07-05 16:47:54.023358,dcfe5feea2d89aadb74ffff6d7a1b5f3
3234,26,2026-01-13,1959-01-16,1959-01-16,,,2026-07-05 16:48:22.765924,2258957b94ab67473126b9ac4ca38783
3242,10,,,,,,2026-07-05 16:49:06.927719,2754ec43ae88369eabdefbe99f2322c4
3242,2,,,,,,2026-07-05 16:48:31.796444,2754ec43ae88369eabdefbe99f2322c4
3242,4,,,,,,2026-07-05 16:48:40.282774,2754ec43ae88369eabdefbe99f2322c4
3242,6,,,,,,2026-07-05 16:48:49.248252,2754ec43ae88369eabdefbe99f2322c4
3242,8,,,,,,2026-07-05 16:48:58.144400,2754ec43ae88369eabdefbe99f2322c4
3251,11,2025-12-24,,,,,2026-07-05 16:49:25.970735,cddccf6a72d6fc9b17e7709cd9eed559
3251,21,,,,,,2026-07-05 16:49:34.313073,3acc45b3be36a43f4865a78ba4b3fe43
3251,23,2025-08-06,,,,,2026-07-05 16:49:43.502911,9544157c7c2a85ce44ba9c5457b7ac89
3251,25,,,,,,2026-07-05 16:49:51.439141,9544157c7c2a85ce44ba9c5457b7ac89
3251,31,,,,,,2026-07-05 16:49:59.586209,a35e295058465ee6a7214aca29b4e2b2
3251,5,2026-04-16,1959-03-20,1959-01-16,,,2026-07-05 16:49:16.661615,99c7823fe7335fd314087f55b8933d71
3293,3,2025-08-28,,,,,2026-07-05 16:50:09.326987,f0ff1b04553de0c819fc30c0d38fa969
3317,2,,,,,,2026-07-05 16:50:17.322923,60fb9c913207b972fe9f193a4ad1c787
3317,4,,,,,,2026-07-05 16:50:25.960602,60fb9c913207b972fe9f193a4ad1c787
3330,20,2025-09-04,2016-12-05,2016-11-30,,2016-12-19,2026-07-05 16:50:35.829636,cd94b8727b467fdb5ac7f913c3378f30
3332,3,2025-09-04,2016-12-05,2016-11-30,,2016-12-19,2026-07-05 16:50:44.612306,cd94b8727b467fdb5ac7f913c3378f30
3333,2,2024-12-01,,,,,2026-07-05 16:50:54.595855,ebaad89e446eada455fdf628fd5d56c3
3334,1,2024-12-01,,,,,2026-07-05 16:51:04.070589,ebaad89e446eada455fdf628fd5d56c3
3334,4,2025-03-05,,,,,2026-07-05 16:51:13.199118,c45ad6cf9186362f56c1928bee556756
3342,3,2024-10-14,,,,,2026-07-05 16:51:22.206848,18c7e9a9d26afd5bc30a50e57389c8c2
3342,5,2024-10-14,,,,,2026-07-05 16:51:31.964674,41b332896e17938b6eafe0f401bb822c
3343,15,,,,,,2026-07-05 16:51:43.178073,41b332896e17938b6eafe0f401bb822c
3344,7,2024-12-01,,,,,2026-07-05 16:51:53.813707,ebaad89e446eada455fdf628fd5d56c3
3409,22,2025-12-11,,,,,2026-07-05 16:52:23.080113,59f8dc65250f7b7db156cf67e1d9b7f8
3409,30,2026-03-31,2019-11-17,2019-11-04,,,2026-07-05 16:52:32.530343,770c0f9f5cf3a8c5aaf01897eb021103
3409,32,2026-03-31,2019-11-07,2019-11-04,,,2026-07-05 16:52:42.203492,a072873560be713272bf24ceeb6e317f
3409,4,2024-11-04,1996-01-16,1996-01-16,,,2026-07-05 16:52:03.396538,772b0d434d53699c0ed02869e5afabbe
3409,6,2026-02-08,,,,,2026-07-05 16:52:13.740690,f037867e3f6b0c2a28f94376c438a229
3410,15,2026-04-19,,1994-11-03,,,2026-07-05 16:53:13.702459,57ce00686121a7fde53eff5d7393c903
3410,6,2025-02-03,1978-02-12,1978-11-12,,,2026-07-05 16:52:52.855602,370fd66c0a5b87bfb7bd53ac2e1be0dc
3410,8,2025-11-23,1994-06-16,1994-06-16,,,2026-07-05 16:53:03.092204,67f60d24c201a6491f79f193b2992e5f
3411,1,2024-11-04,1996-01-16,1996-01-16,,,2026-07-05 16:53:23.123461,772b0d434d53699c0ed02869e5afabbe
3411,10,2023-02-23,,,,,2026-07-05 16:53:54.987349,407c06a77d80274ae6a046f508da835a
3411,4,2026-06-29,,,,,2026-07-05 16:53:32.545194,fd09d0b17aae94ba7ba6cff4808a4611
3411,6,2026-03-22,,,,,2026-07-05 16:53:42.547003,a42cd7e6ce7a553e44c948053b29e89f
3432,2,2025-05-20,,,,,2026-07-05 16:54:05.192825,4d172e94822a4a1b8976e188badfff14
3440,27,,,,,,2026-07-05 16:54:21.201098,9c20e89aaf34c25e3bb03f4d5c4442de
3440,43,2025-08-06,,,,,2026-07-05 16:54:30.677282,9544157c7c2a85ce44ba9c5457b7ac89
3440,56,,,,,,2026-07-05 16:54:40.639823,3acc45b3be36a43f4865a78ba4b3fe43
3443,2,,,,,,2026-07-05 16:54:48.326893,495bd559d2d41df97f28e4f914c716aa
3445,4,,,,,,2026-07-05 16:54:57.581733,6e71f0671720f66edad7eb2a0fc1297c
3491,9,2024-08-29,,,,,2026-07-05 16:55:07.789300,0088abd8374d137a8f15bba5ca287078
3492,1,,,,,,2026-07-05 16:55:24.240325,4549b009bec58b735887013b6d63b9a3
3492,15,2024-07-31,,,,,2026-07-05 16:55:42.465107,2a347b3d92c5881be9490c8f13cf5c81
3492,27,2026-06-18,,,,,2026-07-05 16:55:51.628946,85c1bccfc103cb8ac9f5aa5847483c18
3492,29,2025-12-11,,,,,2026-07-05 16:56:00.885688,d7d6b7480b08a55c8c14179199d1c52e
3492,3,,,,,,2026-07-05 16:55:33.001665,4549b009bec58b735887013b6d63b9a3
3494,5,2025-12-11,,,,,2026-07-05 16:56:11.288058,d7d6b7480b08a55c8c14179199d1c52e
3494,6,2024-11-12,1967-06-07,1967-06-07,,,2026-07-05 16:56:21.751613,5d2efce90be3486620a66533b8827518
3494,7,2026-06-18,,,,,2026-07-05 16:56:30.821064,85c1bccfc103cb8ac9f5aa5847483c18
3502,63,2026-07-01,,,,,2026-07-05 16:56:40.292871,9150940d7bf9b6fd64d2678b89456a5d
3504,101,2025-03-11,,,,,2026-07-05 16:57:35.480007,39985f1de5035f232dff0a7660618224
3504,103,2025-09-03,,,,,2026-07-05 16:57:44.526222,fb00ba0dc1fb5fcd573f256e0b54f515
3504,76,2025-12-17,,,,,2026-07-05 16:56:49.230507,62320a9fe8fa475fc5a2dafc09094681
3504,88,2025-09-10,,,,,2026-07-05 16:56:59.409776,42ee2635efbf5759380ecb0e3f7581d2
3504,91,,,,,,2026-07-05 16:57:08.037542,45b71e3b4c8fc65d193220481b217d00
3504,92,2026-03-22,,,,,2026-07-05 16:57:18.094300,5fecf2425249425600074d0c36ea46cd
3504,93,,,,,,2026-07-05 16:57:26.489043,45b71e3b4c8fc65d193220481b217d00
3505,38,2025-12-04,,,,,2026-07-05 16:57:54.605863,c5e408a4549afbb8ac4674f668361625
3505,40,,,,,2000-09-11,2026-07-05 16:58:03.663905,c5e408a4549afbb8ac4674f668361625
3506,51,2024-11-07,,,,,2026-07-05 16:58:13.420918,505c24ee701f71e377474b97dea99768
3511,51,,,,,,2026-07-05 16:58:21.383822,45b71e3b4c8fc65d193220481b217d00
3518,23,2026-06-30,,,,,2026-07-05 16:58:31.694421,42cbf306c1da6f5c4beb041fad528fd3
3519,12,,,,,,2026-07-05 16:58:59.384564,25e28a5ee0153a3c3b45c68fa14bfcca
3519,14,2024-01-02,2020-09-06,2020-09-03,,2024-02-14,2026-07-05 16:59:08.207004,25e28a5ee0153a3c3b45c68fa14bfcca
3519,6,2024-02-20,2020-11-03,2020-11-01,,2023-07-02,2026-07-05 16:58:41.388117,d44c8d874ed9a28c4c04ed0c51ee86f3
3519,8,2024-02-20,2020-11-03,2020-11-01,,2023-07-02,2026-07-05 16:58:51.063337,d44c8d874ed9a28c4c04ed0c51ee86f3
3521,12,2023-10-16,,,,,2026-07-05 16:59:18.307340,5854a0e45064b242f60890a095aa6dbb
3535,16,,,,,,2026-07-05 16:59:27.243821,c5406c579a0b371c9fe584357f5c5e08
3535,18,2025-06-30,,,,,2026-07-05 16:59:36.989026,3eecbac0593a10c2ff5e4df12ab02ee6
3535,26,2025-12-03,2016-03-15,2016-03-14,,,2026-07-05 16:59:47.006641,791cf098050c2be6390de99dee1ff8d5
3535,28,2025-12-03,1972-01-07,1971-03-02,,,2026-07-05 16:59:56.969203,16781d42d8c4442703eec2a9d5d8342d
3551,2,,,,,,2026-07-05 17:00:05.589244,2a7d346c5ea493c98bb5734cc6e70025
3551,54,2025-05-19,1974-02-21,1974-02-21,,,2026-07-05 17:00:16.200471,aceb8f6cce98ffb30a1b2fdc589a68b3
3551,61,2025-08-24,,,,,2026-07-05 17:00:25.973405,5179806ff4dc8db36ecd5e50fbef4501
3551,63,2025-08-24,,,,,2026-07-05 17:00:35.108229,5179806ff4dc8db36ecd5e50fbef4501
3551,67,2025-08-24,,,,,2026-07-05 17:00:44.314492,9d8359a964d7926f54602401f93583e4
3551,69,2025-08-24,,,,,2026-07-05 17:00:54.679595,9d8359a964d7926f54602401f93583e4
3551,71,2025-08-24,,,,,2026-07-05 17:01:04.651615,9d8359a964d7926f54602401f93583e4
3573,14,2025-05-19,1974-02-21,1974-02-21,,,2026-07-05 17:01:14.806766,aceb8f6cce98ffb30a1b2fdc589a68b3
3583,1,,,,,,2026-07-05 17:01:23.034358,c5406c579a0b371c9fe584357f5c5e08
3583,10,2024-09-05,,,,,2026-07-05 17:02:09.360262,9034b4160281cff4deb192010867153a
3583,12,2024-09-05,,,,,2026-07-05 17:02:19.740392,9034b4160281cff4deb192010867153a
3583,14,2025-09-17,1991-06-23,1991-07-10,,,2026-07-05 17:02:29.367524,cf7188d0471c0c92724c65ab00bfad5c
3583,16,2025-09-17,1991-06-23,1991-07-10,,,2026-07-05 17:02:38.848390,cf7188d0471c0c92724c65ab00bfad5c
3583,18,2025-09-17,1991-06-23,1991-07-10,,,2026-07-05 17:02:48.838917,cf7188d0471c0c92724c65ab00bfad5c
3583,20,2025-09-17,1991-06-23,1991-07-10,,,2026-07-05 17:02:58.135587,cf7188d0471c0c92724c65ab00bfad5c
3583,3,,,,,,2026-07-05 17:01:30.461721,c5406c579a0b371c9fe584357f5c5e08
3583,4,2025-03-26,2018-07-08,2018-05-13,,2020-12-15,2026-07-05 17:01:39.484703,f6c216d59853b6f17085550bc892935b
3583,6,2025-03-26,2018-07-08,2018-05-13,,2020-12-15,2026-07-05 17:01:49.642959,f6c216d59853b6f17085550bc892935b
3583,8,,,,,,2026-07-05 17:01:58.003026,8304b401e870a6362499f03480d5429a
3584,1,,,,,,2026-07-05 17:03:07.771604,c5406c579a0b371c9fe584357f5c5e08
3584,11,2025-12-03,2016-03-15,2016-03-14,,,2026-07-05 17:03:29.038673,791cf098050c2be6390de99dee1ff8d5
3584,13,2025-12-03,1972-01-07,1971-03-02,,,2026-07-05 17:03:38.049753,16781d42d8c4442703eec2a9d5d8342d
3584,3,2025-06-30,,,,,2026-07-05 17:03:18.163564,3eecbac0593a10c2ff5e4df12ab02ee6
3585,55,,,,,,2026-07-05 17:03:46.440137,fbfd191ce5610c4ff45b899e85337f0a
3585,59,2025-09-17,1991-06-23,1991-07-10,,,2026-07-05 17:03:56.837069,cf7188d0471c0c92724c65ab00bfad5c
3590,1,2025-09-17,1991-06-23,1991-07-10,,,2026-07-05 17:04:07.653060,cf7188d0471c0c92724c65ab00bfad5c
3590,11,,,,,,2026-07-05 17:04:26.206757,fbfd191ce5610c4ff45b899e85337f0a
3590,2,2024-09-05,,,,,2026-07-05 17:04:18.027495,9034b4160281cff4deb192010867153a
3604,40,,,,,,2026-07-05 17:04:34.330211,21eaff253fe5c3e53a027fa6b95a71c2
3658,12,2025-01-01,,,,,2026-07-05 17:05:12.201068,b238fd6bc48d630c64e3355a69f25694
3658,4,2025-02-12,,,,,2026-07-05 17:04:44.026871,fde272b6c715461c7242c7d53754a792
3658,6,,,,,,2026-07-05 17:04:53.023700,808cd39cf812ba2eb1b2299bd61375d2
3658,8,,,,,,2026-07-05 17:05:01.410076,f3f9fb1e62c2593254b669415f5c7a10
3671,195,2024-01-04,2002-07-15,2002-07-15,,,2026-07-05 17:05:22.026084,440409f7b56ecef3e5e1268a98bf9a1e
3704,10,2024-09-12,,,,,2026-07-05 17:05:32.116944,48d2f613c1734fc2821d853627f3eb0b
3704,48,2025-12-10,,,,,2026-07-05 17:05:41.295778,e9d1db656d773d2cffdb9c5a19c96391
3706,1,2024-09-12,,,,,2026-07-05 17:05:52.111624,48d2f613c1734fc2821d853627f3eb0b
3707,37,2025-04-09,1975-07-09,1975-07-09,,,2026-07-05 17:06:01.453204,444ec3ddecdbe78393eddc558d684fb4
3707,39,2024-02-28,,,,,2026-07-05 17:06:11.376243,55aa9b75299fef6ab99d88d7fd97ca77
3709,34,2025-09-07,,,,,2026-07-05 17:06:21.407253,529b85b3f973720301d833b9efddb780
3709,36,2025-09-07,,,,,2026-07-05 17:06:30.667058,529b85b3f973720301d833b9efddb780
3709,38,2026-02-27,,,,,2026-07-05 17:06:40.727724,49f9518f22d757e3c57b98944fd91cc7
3715,15,2026-01-12,1990-10-31,1990-10-31,,,2026-07-05 17:07:00.782475,9f24e08c121c431c90f9013aa49a85e7
3715,19,2025-01-12,2003-02-05,2003-07-28,,,2026-07-05 17:07:10.712505,79bab744a04db2f795816b81193fe875
3715,41,2025-05-27,,,,,2026-07-05 17:07:21.480850,b491285ea6a402851fe06548891b5943
3715,47,2023-06-06,,,,,2026-07-05 17:07:32.251787,0a4e9c38f09ae81e8c82daa744cb6cbb
3715,5,2025-04-07,,,,,2026-07-05 17:06:50.764113,4b1ad7bfae48deb34926c8c96a4c23db
3717,26,2025-12-25,,,,,2026-07-05 17:07:49.952445,63641c657a3f66e3413b1538918e4e55
3717,30,2026-04-19,,1994-11-03,,,2026-07-05 17:07:59.905036,57ce00686121a7fde53eff5d7393c903
3717,5,2024-12-11,,,,,2026-07-05 17:07:41.049271,4259235b3e5f15611623c120dce8b342
3718,10,2026-05-06,,,,,2026-07-05 17:08:29.010495,5884d7dcc11671f717634f6eee32ee45
3718,12,2026-05-06,,,,,2026-07-05 17:08:38.522161,5884d7dcc11671f717634f6eee32ee45
3718,14,2024-12-03,,,,,2026-07-05 17:08:49.315666,542ba8c0a6063d1ff4068149f1e1f506
3718,28,,,,,,2026-07-05 17:08:57.072443,4259235b3e5f15611623c120dce8b342
3718,6,2026-05-06,,,,,2026-07-05 17:08:09.192580,5884d7dcc11671f717634f6eee32ee45
3718,8,2026-05-06,,,,,2026-07-05 17:08:18.269353,5884d7dcc11671f717634f6eee32ee45
3719,1,2024-12-03,,,,,2026-07-05 17:09:07.581646,542ba8c0a6063d1ff4068149f1e1f506
3719,18,2023-03-09,2021-01-12,2021-01-11,,2024-09-22,2026-07-05 17:09:38.763038,0026964d7d4a66b18c6645d3d0f24704
3719,2,2026-05-06,,,,,2026-07-05 17:09:17.878047,5884d7dcc11671f717634f6eee32ee45
3719,7,2025-01-22,,,,,2026-07-05 17:09:27.225548,4859e1a6b48b7578aa3a4a1c3ee562eb
3720,1,2026-05-06,,,,,2026-07-05 17:09:50.228403,5884d7dcc11671f717634f6eee32ee45
3720,11,2024-11-06,,,,,2026-07-05 17:10:22.969989,e2ecc453cb71de84f772d1a1ab9bca88
3720,17,2025-03-10,,,,,2026-07-05 17:10:32.700325,6a33f80d142ef316128c0a8c407675d5
3720,18,2025-01-23,1990-09-16,1990-09-16,,,2026-07-05 17:10:42.063312,77467f127da1929f61fdcf79ef2221d6
3720,20,,1989-12-06,1990-07-01,,,2026-07-05 17:10:54.433627,77467f127da1929f61fdcf79ef2221d6
3720,21,2026-03-15,,,,,2026-07-05 17:11:02.867266,21767ef51b6ab1cbea5497544ab7a51d
3720,22,,1963-01-03,1967-03-30,,,2026-07-05 17:11:12.291863,77467f127da1929f61fdcf79ef2221d6
3720,23,2026-03-15,,,,,2026-07-05 17:11:22.992493,21767ef51b6ab1cbea5497544ab7a51d
3720,24,,1963-01-03,1963-01-03,,,2026-07-05 17:11:33.354966,77467f127da1929f61fdcf79ef2221d6
3720,26,,1992-03-22,1992-03-22,,,2026-07-05 17:11:42.276845,77467f127da1929f61fdcf79ef2221d6
3720,28,2026-04-09,2013-12-31,2013-12-24,,,2026-07-05 17:11:52.206816,77467f127da1929f61fdcf79ef2221d6
3720,33,2024-08-06,,,,,2026-07-05 17:12:02.354346,5822e84783494f801fe33c56a99dd5ff
3720,7,2024-11-06,,,,,2026-07-05 17:10:01.103016,e2ecc453cb71de84f772d1a1ab9bca88
3720,9,2024-11-06,,,,,2026-07-05 17:10:10.785206,e2ecc453cb71de84f772d1a1ab9bca88
3724,14,2025-10-19,1972-12-12,1970-03-29,,,2026-07-05 17:12:12.188795,85023b703f70a00e2f64436d54db793a
3724,18,2025-12-17,1972-12-12,,,,2026-07-05 17:12:22.221293,196f23feb0cc681330de72039fc30c22
3724,20,2024-11-28,1972-12-12,1970-04-30,,,2026-07-05 17:12:32.311413,a66723f6da76aa226826c9f4f665986b
3724,22,,,,,,2026-07-05 17:12:40.918957,ce2bea73ba845bd4afb0fcfa67e587b5
3724,24,,,,,,2026-07-05 17:12:50.715025,79efb461e34f32935c02ddb71422c886
3724,26,,,,,,2026-07-05 17:12:59.542670,79efb461e34f32935c02ddb71422c886
3724,28,2024-11-28,2002-11-06,2002-11-06,,,2026-07-05 17:13:09.392218,79efb461e34f32935c02ddb71422c886
3724,34,,,,,,2026-07-05 17:13:18.477318,804b3188c0d92eb687f299de99343d4e
3728,14,2023-12-10,,,,,2026-07-05 17:13:36.926709,6906badd1251e2abb86fd4b21ef97739
3728,16,2023-12-10,2021-08-30,2021-08-12,,,2026-07-05 17:13:46.916792,04b2d986b28e9d1d19a8f7e6526d540d
3728,4,,,,,,2026-07-05 17:13:27.511901,21eaff253fe5c3e53a027fa6b95a71c2
3734,13,2025-02-20,,,,,2026-07-05 17:13:58.094901,d2c030d549f2734c34658f702876cb8e
3734,15,,,,,,2026-07-05 17:14:06.999830,495bd559d2d41df97f28e4f914c716aa
3734,17,2025-01-12,,,,,2026-07-05 17:14:16.105041,662553e702c5a0ad7cc80b4ff110ff13
3752,1,2025-09-07,,,,,2026-07-05 17:14:25.852300,529b85b3f973720301d833b9efddb780
3752,5,2026-02-27,,,,,2026-07-05 17:14:36.437012,49f9518f22d757e3c57b98944fd91cc7
3764,10,2025-01-19,,,,,2026-07-05 17:15:25.336422,a310bfb52cdd6d9eb509b0ab4bde4e90
3764,2,2025-05-27,,,,,2026-07-05 17:14:45.486076,b491285ea6a402851fe06548891b5943
3764,3,2025-03-30,,,,,2026-07-05 17:14:54.929978,842aef1343c1e64c5f2a0f5e136f68b3
3764,4,2025-09-18,2008-02-03,2008-01-30,,,2026-07-05 17:15:04.232525,bb4668f3d615ec25f34cc8a4ddbae03b
3764,5,2026-04-13,1963-01-13,1963-01-13,,,2026-07-05 17:15:15.131743,e9d08402533ea06bd370271138dd56ee
3765,1,2025-03-30,,,,,2026-07-05 17:15:35.736101,842aef1343c1e64c5f2a0f5e136f68b3
3765,2,2026-04-13,1963-01-13,1963-01-13,,,2026-07-05 17:15:44.713689,e9d08402533ea06bd370271138dd56ee
3765,3,,,,,,2026-07-05 17:15:52.551185,ce4f903aabbc718f234ebcb4bfca0113
3765,5,2025-04-07,2002-08-04,2002-08-04,,,2026-07-05 17:16:02.808978,1f6087b655087e7dfe08471412a3ad60
3766,11,2023-06-06,,,,,2026-07-05 17:17:01.509620,0a4e9c38f09ae81e8c82daa744cb6cbb
3766,4,2023-06-06,,,,,2026-07-05 17:16:12.010867,b8efd2f01f75f579f1cb52d548a70897
3766,5,,1989-12-05,1989-12-05,,,2026-07-05 17:16:21.724171,b5ca5b5cecae6f49132c9d123dbf8b59
3766,6,2023-06-06,,,,,2026-07-05 17:16:31.658308,99d510a1396ca5dc29f639ad79669ecf
3766,7,2024-01-03,,,,,2026-07-05 17:16:40.926782,8ead02a0b850e701cc01741dc03645e7
3766,9,2023-06-06,,,,,2026-07-05 17:16:51.311757,0e2ce29e98ff7326d4251d7ea0a37341
3770,35,2025-11-10,,,,,2026-07-05 17:17:12.475120,b5958941507a4e226f5113d49ada8fec
3770,37,2025-11-09,,1975-01-08,,,2026-07-05 17:17:22.939508,c13b7fb62ee301f8888ba8d51be96cbf
3770,39,2025-11-18,1975-01-08,1975-01-08,,,2026-07-05 17:17:34.682637,a06d48bffe34ba5b7eefbcf1a0bbc0fc
3770,41,2025-11-24,1975-01-08,1975-01-08,,,2026-07-05 17:17:44.538713,8d43be75ba2a4d324a9c25798f1a16a4
3770,49,2024-03-27,,,,,2026-07-05 17:17:54.892270,3b99c8bb226783198afc76b083a23b6f
3770,51,2025-06-12,,,,,2026-07-05 17:18:06.164200,433fabf39a2c9b5884752827fce2973b
3774,1,2025-11-24,1975-01-08,1975-01-08,,,2026-07-05 17:18:15.259540,8d43be75ba2a4d324a9c25798f1a16a4
3774,3,2024-09-30,,,,,2026-07-05 17:18:24.267465,20a78a3f7638c9efc3cdb79abb7ee4c3
3774,5,2026-04-19,,,,,2026-07-05 17:18:34.185485,456435fadb08a304e76d122fbc4993f7
3774,6,2025-12-07,1967-06-18,,,,2026-07-05 17:18:44.820950,c6febcc5b7a00e67760e527989fbaafb
3774,7,2025-12-02,,,,,2026-07-05 17:18:54.756334,3b3f87bdefc1394f7a814d22adac939d
3775,10,2025-06-12,,,,,2026-07-05 17:19:14.315303,433fabf39a2c9b5884752827fce2973b
3775,8,2024-03-27,,,,,2026-07-05 17:19:04.331391,3b99c8bb226783198afc76b083a23b6f
3830,28,2026-02-04,,,,,2026-07-05 17:19:24.495617,ffd37c1e582e9d4dd406ea0b074d4520
3833,11,2025-02-03,1978-02-12,1978-11-12,,,2026-07-05 17:19:33.419306,370fd66c0a5b87bfb7bd53ac2e1be0dc
3833,13,2025-11-23,1994-06-16,1994-06-16,,,2026-07-05 17:19:43.280734,67f60d24c201a6491f79f193b2992e5f
4031,84,,,,,,2026-07-05 17:19:52.456076,3aee21b864f91af6089c81243c9e2a76
4031,86,2024-12-17,,,,,2026-07-05 17:20:01.436468,3aee21b864f91af6089c81243c9e2a76
4043,5,,,,,,2026-07-05 17:20:10.107771,3aee21b864f91af6089c81243c9e2a76
4061,21,,,,,,2026-07-05 17:20:19.742173,f8c333f8322d7579669345f73dfbd765
4061,23,2023-11-23,2019-03-13,2020-11-22,,2023-10-11,2026-07-05 17:20:30.160382,f8c333f8322d7579669345f73dfbd765
4071,43,,1953-02-23,1983-02-23,,,2026-07-05 17:20:39.859639,9522d5f01e9abe7b20b66c5ec44ae9fe
4071,45,2023-07-25,,,,,2026-07-05 17:20:49.595792,9522d5f01e9abe7b20b66c5ec44ae9fe
4110,47,,,,,,2026-07-05 17:20:59.864895,10ca029096a866c55b5b57f7eeb8c14d
4146,1,2024-01-04,2002-07-15,2002-07-15,,,2026-07-05 17:21:10.456036,440409f7b56ecef3e5e1268a98bf9a1e
4150,85,2025-12-24,,,,,2026-07-05 17:21:19.621442,c852903e25b4d63f34ac3898898d2fcd
4159,13,,,,,,2026-07-05 17:21:29.903530,10ca029096a866c55b5b57f7eeb8c14d
4169,24,2024-11-28,1972-12-12,1970-04-30,,,2026-07-05 17:21:41.037250,a66723f6da76aa226826c9f4f665986b
4176,100,2025-10-26,1983-03-16,,,,2026-07-05 17:22:17.883137,a6a9e23b56bec4b14cad1a334ea1340d
4176,102,2025-10-28,1974-01-29,1974-01-29,,,2026-07-05 17:22:27.332906,b9b40fc6d4ea2a15899617dbeb6a4d3a
4176,41,2025-03-19,,,,,2026-07-05 17:21:51.002767,10ca029096a866c55b5b57f7eeb8c14d
4176,42,,,,,,2026-07-05 17:21:59.754868,260a8667d29dbf6277521d1e42b135b9
4176,86,,,,,,2026-07-05 17:22:08.013338,4028e7a4ea81f17c519cbe5d8267ea51
4199,26,2025-06-09,1975-12-29,1975-12-29,,,2026-07-05 17:22:37.811933,f3f01b8329a60a7c99062ff0ee5a8b36
4221,32,2024-09-27,,,,,2026-07-05 17:22:47.200057,cd067240eec2e1088edbec25f049b95a
